ReviewVenue,PublicationVenue,Title,Authors,AuthorPDF,Abstract,ExplanationPage,Data,Preregistered,Video,DOI,PublicationYear,ConferenceYear,ConferenceTrack,ConferenceRoom,ConferenceDay,ConferenceSession,date,ConferenceTimeStart,ConferenceTimeEnd,authors
VAST,TVCG,FlowSense: A Natural Language Interface for Visual Data Exploration within a Dataflow System,"Bowen Yu, Claudio T. Silva",,,,,,,,,2019,VAST,Ballroom ABC,Tuesday,VIS Best Papers,22-Oct,10:00 AM,10:15 AM,"Bowen Yu, Claudio T. Silva"
InfoVis,TVCG,Data Changes Everything: Challenges and Opportunities in Data Visualization Design Handoff,"Jagoda Walny, Christian Frisson, Mieka West, Doris Kosminsky, Søren Knudsen, Sheelagh Carpendale, Wesley Willett",,,,,,,,,2019,InfoVis,Ballroom ABC,Tuesday,VIS Best Papers,22-Oct,10:15 AM,10:30 AM,"Jagoda Walny, Christian Frisson, Mieka West, Doris Kosminsky, Søren Knudsen, Sheelagh Carpendale, Wesley Willett"
SciVis,TVCG,InSituNet: Deep Image Synthesis for Parameter Space Exploration of Ensemble Simulations,"Wenbin He, Junpeng Wang, Hanqi Guo, Ko-Chih Wang, Han-Wei Shen, Mukund Raj, Youssef S. G. Nashed, Tom Peterka",,,,,,,,,2019,SciVis,Ballroom ABC,Tuesday,VIS Best Papers,22-Oct,10:30 AM,10:45 AM,"Wenbin He, Junpeng Wang, Hanqi Guo, Ko-Chih Wang, Han-Wei Shen, Mukund Raj, Youssef S. G. Nashed, Tom Peterka"
?,?,Periphery Plots for Contextualizing Heterogeneous Time-Based Charts,"Bryce Morrow, Trevor Manz, Arlene E. Chung, Nils Gehlenborg, David Gotz",,,,,,,,,2019,?,Ballroom ABC,Tuesday,VIS Best Papers,22-Oct,10:45 AM,11:00 AM,"Bryce Morrow, Trevor Manz, Arlene E. Chung, Nils Gehlenborg, David Gotz"
VAST,TVCG,NNVA: Neural Network Assisted Visual Analysis of Yeast Cell Polarization Simulation,"Subhashis Hazarika, Haoyu Li, Ko-Chih Wang, Han-Wei Shen, Ching-Shan Chou",,,,,,,,,2019,VAST,Ballroom A,Tuesday,A Tour of VAST,22-Oct,2:03 PM,2:18 PM,"Subhashis Hazarika, Haoyu Li, Ko-Chih Wang, Han-Wei Shen, Ching-Shan Chou"
VAST,TVCG,Supporting Analysis of Dimensionality Reduction Results with Contrastive Learning,"Takanori Fujiwara, Oh-Hyun Kwon, Kwan-Liu Ma",,,,,,,,,2019,VAST,Ballroom A,Tuesday,A Tour of VAST,22-Oct,2:18 PM,2:33 PM,"Takanori Fujiwara, Oh-Hyun Kwon, Kwan-Liu Ma"
VAST,TVCG,The What-If Tool: Interactive Probing of Machine Learning Models,"James Wexler, Mahima Pushkarna, Tolga Bolukbasi, Martin Wattenberg, Fernanda Viegas, Jimbo Wilson",,,,,,,,,2019,VAST,Ballroom A,Tuesday,A Tour of VAST,22-Oct,2:33 PM,2:48 PM,"James Wexler, Mahima Pushkarna, Tolga Bolukbasi, Martin Wattenberg, Fernanda Viegas, Jimbo Wilson"
VAST,TVCG,Understanding the Role of Alternatives in Data Analysis Practices,"Jiali Liu, Nadia Boukhelifa, James Eagan",,,,,,,,,2019,VAST,Ballroom A,Tuesday,A Tour of VAST,22-Oct,2:48 PM,3:03 PM,"Jiali Liu, Nadia Boukhelifa, James Eagan"
VAST,TVCG,VASABI: Doing User Behaviour Analytics through Interactive Visual Hierarchical User Profiles,"Phong H. Nguyen, Rafael Henkin, Siming Chen, Natalia Andrienko, Gennady Andrienko, Olivier Thonnard, Cagatay Turkay",,,,,,,,,2019,VAST,Ballroom A,Tuesday,A Tour of VAST,22-Oct,3:03 PM,3:18 PM,"Phong H. Nguyen, Rafael Henkin, Siming Chen, Natalia Andrienko, Gennady Andrienko, Olivier Thonnard, Cagatay Turkay"
InfoVis,TVCG,Data by proxy – material traces as autographic visualizations,Dietmar Offenhuber,,,,,,,,,2019,InfoVis,Ballroom B,Tuesday,Provocations,22-Oct,2:03 PM,2:18 PM,Dietmar Offenhuber
InfoVis,TVCG,Design by Immersion: A Transdisciplinary Approach to Problem-Driven Visualizations,"Kyle Wm Hall, Adam James Bradley, Uta Hinrichs, Samuel Huron, Jo Wood, Christopher Collins, Sheelagh Carpendale",,,,,,,,,2019,InfoVis,Ballroom B,Tuesday,Provocations,22-Oct,2:18 PM,2:33 PM,"Kyle Wm Hall, Adam James Bradley, Uta Hinrichs, Samuel Huron, Jo Wood, Christopher Collins, Sheelagh Carpendale"
InfoVis,TVCG,Criteria for Rigor in Visualization Design Study,"Miriah Meyer, Jason Dykes",,,,,,,,,2019,InfoVis,Ballroom B,Tuesday,Provocations,22-Oct,2:33 PM,2:48 PM,"Miriah Meyer, Jason Dykes"
InfoVis,TVCG,What is Interaction for Data Visualization?,"Evanthia Dimara, Charles Perin",,,,,,,,,2019,InfoVis,Ballroom B,Tuesday,Provocations,22-Oct,2:48 PM,3:03 PM,"Evanthia Dimara, Charles Perin"
InfoVis,TVCG,Why Authors Don't Visualize Uncertainty,Jessica Hullman,,,,,,,,,2019,InfoVis,Ballroom B,Tuesday,Provocations,22-Oct,3:03 PM,3:18 PM,Jessica Hullman
SciVis,TVCG,High-throughput feature extraction for measuring attributes of deforming open cell foams,"Steve Petruzza, Attila Gyulassy, Samuel Leventhal, Jackson Baglino, Michael Czabaj, Ashely Spears, Valerio Pascucci",,,,,,,,,2019,SciVis,Ballroom C,Tuesday,Scalar Topology,22-Oct,2:03 PM,2:18 PM,"Steve Petruzza, Attila Gyulassy, Samuel Leventhal, Jackson Baglino, Michael Czabaj, Ashely Spears, Valerio Pascucci"
SciVis,TVCG,Progressive Wasserstein Barycenters of Persistence Diagrams,"Jules Vidal, Joseph Budin, Julien Tierny",,,,,,,,,2019,SciVis,Ballroom C,Tuesday,Scalar Topology,22-Oct,2:18 PM,2:33 PM,"Jules Vidal, Joseph Budin, Julien Tierny"
SciVis,TVCG,The Effect of Data Transformations on Scalar Field Topological Analysis of High-Order FEM Solutions,"Ashok Jallepalli, Joshua A. Levine, Robert M. (Mike) Kirby",,,,,,,,,2019,SciVis,Ballroom C,Tuesday,Scalar Topology,22-Oct,2:33 PM,2:48 PM,"Ashok Jallepalli, Joshua A. Levine, Robert M. (Mike) Kirby"
SciVis,TVCG,Toward Localized Topological Data Structures: Querying the Forest for the Tree,"Pavol Klacansky, Attila Gyulassy, Peer-Timo Bremer, Valerio Pascucci",,,,,,,,,2019,SciVis,Ballroom C,Tuesday,Scalar Topology,22-Oct,2:48 PM,3:03 PM,"Pavol Klacansky, Attila Gyulassy, Peer-Timo Bremer, Valerio Pascucci"
TVCG,TVCG,Edit Distance between Merge Trees,"Raghavendra Sridharamurthy, Talha Bin Masood, Adhitya Kamakshidasan, Vijay Natarajan",,,,,,,,,2019,SciVis,Ballroom C,Tuesday,Scalar Topology,22-Oct,3:03 PM,3:18 PM,"Raghavendra Sridharamurthy, Talha Bin Masood, Adhitya Kamakshidasan, Vijay Natarajan"
?,?,Graph-assisted Visualization of Microvascular Networks,"Pavel Govyadinov, Tasha Womack, Jason Eriksen, David Mayerich, Guoning Chen",,,,,,,,,2019,?,Room 1,Tuesday,Short Papers: Novel Interfaces,22-Oct,2:03 PM,2:14 PM,"Pavel Govyadinov, Tasha Womack, Jason Eriksen, David Mayerich, Guoning Chen"
?,?,Learning Vis Tools: Teaching Data Visualization Tutorials,"Leo Yu-Ho Lo, Yao Ming, Huamin Qu",,,,,,,,,2019,?,Room 1,Tuesday,Short Papers: Novel Interfaces,22-Oct,2:14 PM,2:25 PM,"Leo Yu-Ho Lo, Yao Ming, Huamin Qu"
?,?,Sociotechnical Considerations for Accessible Visualization Design,"Alan Lundgard, Crystal Lee, Arvind Satyanarayan",,,,,,,,,2019,?,Room 1,Tuesday,Short Papers: Novel Interfaces,22-Oct,2:25 PM,2:36 PM,"Alan Lundgard, Crystal Lee, Arvind Satyanarayan"
?,?,Toward Interface Defaults for Vague Modifiers in Natural Language Interfaces for Visual Analysis,"Marti Hearst, Melanie Tory, Vidya Setlur",,,,,,,,,2019,?,Room 1,Tuesday,Short Papers: Novel Interfaces,22-Oct,2:36 PM,2:47 PM,"Marti Hearst, Melanie Tory, Vidya Setlur"
?,?,VisWall: Visual Data Exploration using Direct Combination on Large Touch Displays,"Mallika Agarwal, Arjun Srinivasan, John Stasko",,,,,,,,,2019,?,Room 1,Tuesday,Short Papers: Novel Interfaces,22-Oct,2:47 PM,2:58 PM,"Mallika Agarwal, Arjun Srinivasan, John Stasko"
?,?,EasyPZ.js: Interaction Binding For Pan and Zoom Visualizations,"Michail Schwab, James Tompkin, Jeff Huang, Michelle A. Borkin",,,,,,,,,2019,?,Room 1,Tuesday,Short Papers: Novel Interfaces,22-Oct,2:58 PM,3:09 PM,"Michail Schwab, James Tompkin, Jeff Huang, Michelle A. Borkin"
?,?,Would You Like A Chart With That? Incorporating Visualizations into Conversational Interfaces,"Marti Hearst, Melanie Tory",,,,,,,,,2019,?,Room 1,Tuesday,Short Papers: Novel Interfaces,22-Oct,3:09 PM,3:20 PM,"Marti Hearst, Melanie Tory"
VAST,TVCG,GUIRO: User-Guided Matrix Reordering,"Michael Behrisch, Tobias Schreck, Hanspeter Pfister",,,,,,,,,2019,VAST,Ballroom A,Tuesday,VIS Meets Machine Learning,22-Oct,4:01 PM,4:16 PM,"Michael Behrisch, Tobias Schreck, Hanspeter Pfister"
SciVis,TVCG,LassoNet: Deep Lasso-Selection of 3D Point Clouds,"Zhutian Chen, Wei Zeng, ZhiGuang Yang, Lingyun Yu, Chi-Wing Fu, Huamin Qu",,,,,,,,,2019,SciVis,Ballroom A,Tuesday,VIS Meets Machine Learning,22-Oct,4:16 PM,4:31 PM,"Zhutian Chen, Wei Zeng, ZhiGuang Yang, Lingyun Yu, Chi-Wing Fu, Huamin Qu"
SciVis,TVCG,TSR-TVD: Temporal Super-Resolution for Time-Varying Data Analysis and Visualization,"Jun Han, Chaoli Wang",,,,,,,,,2019,SciVis,Ballroom A,Tuesday,VIS Meets Machine Learning,22-Oct,4:31 PM,4:46 PM,"Jun Han, Chaoli Wang"
InfoVis,TVCG,GenerativeMap: Visualization and Exploration of Dynamic Density Maps via Generative Learning Model,"Chen Chen, Changbo Wang, Xue Bai, Peiying Zhang, Chenhui Li",,,,,,,,,2019,InfoVis,Ballroom A,Tuesday,VIS Meets Machine Learning,22-Oct,4:46 PM,5:01 PM,"Chen Chen, Changbo Wang, Xue Bai, Peiying Zhang, Chenhui Li"
VAST,TVCG,Facetto: Combining Unsupervised and Supervised Learning for Hierarchical Phenotype Analysis in Multi-Channel Image Data,"Robert Krüger, Johanna Beyer, Won-Dong Jang, Nam Wook Kim, Artem Sokolov, Peter Sorger, Hanspeter Pfister",,,,,,,,,2019,VAST,Ballroom A,Tuesday,VIS Meets Machine Learning,22-Oct,5:01 PM,5:16 PM,"Robert Krüger, Johanna Beyer, Won-Dong Jang, Nam Wook Kim, Artem Sokolov, Peter Sorger, Hanspeter Pfister"
VAST,TVCG,ProtoSteer: Steering Deep Sequence Model with Prototypes,"Yao Ming, Panpan Xu, Furui Cheng, Huamin Qu, Liu Ren",,,,,,,,,2019,VAST,Ballroom A,Tuesday,VIS Meets Machine Learning,22-Oct,5:16 PM,5:31 PM,"Yao Ming, Panpan Xu, Furui Cheng, Huamin Qu, Liu Ren"
SciVis,TVCG,Dynamic Nested Tracking Graphs,"Jonas Lukasczyk, Christoph Garth, Tim Biedert, Ross Maciejewski, Gunther H. Weber, Heike Leitte",,,,,,,,,2019,SciVis,Ballroom B,Tuesday,Features and Topology,22-Oct,4:01 PM,4:16 PM,"Jonas Lukasczyk, Christoph Garth, Tim Biedert, Ross Maciejewski, Gunther H. Weber, Heike Leitte"
SciVis,TVCG,Extraction and Visual Analysis of Potential Vorticity Banners around the Alps,"Robin Bader, Michael Sprenger, Nikolina Ban, Stefan Rüdisühli, Christoph Schär, Tobias Günther",,,,,,,,,2019,SciVis,Ballroom B,Tuesday,Features and Topology,22-Oct,4:16 PM,4:31 PM,"Robin Bader, Michael Sprenger, Nikolina Ban, Stefan Rüdisühli, Christoph Schär, Tobias Günther"
SciVis,TVCG,Multi-Scale Topological Analysis of Asymmetric Tensor Fields on Surfaces,"Fariba Khan, Lawrence Roy, Eugene Zhang, Botong Qu, Shih-Hsuan Hung, Harry Yeh, Robert S. Laramee, Yue Zhang",,,,,,,,,2019,SciVis,Ballroom B,Tuesday,Features and Topology,22-Oct,4:31 PM,4:46 PM,"Fariba Khan, Lawrence Roy, Eugene Zhang, Botong Qu, Shih-Hsuan Hung, Harry Yeh, Robert S. Laramee, Yue Zhang"
SciVis,TVCG,Vector Field Topology of Time-Dependent Flows in a Steady Reference Frame,"Irene Baeza Rojo, Tobias Günther",,,,,,,,,2019,SciVis,Ballroom B,Tuesday,Features and Topology,22-Oct,4:46 PM,5:01 PM,"Irene Baeza Rojo, Tobias Günther"
TVCG,TVCG,Feature Tracking by Two-Step Optimization,"Andrea Schnorr, Dirk N. Helmrich, Dominik Denker, Torsten W. Kuhlen, Bernd Hentschel",,,,,,,,,2019,SciVis,Ballroom B,Tuesday,Features and Topology,22-Oct,5:01 PM,5:16 PM,"Andrea Schnorr, Dirk N. Helmrich, Dominik Denker, Torsten W. Kuhlen, Bernd Hentschel"
VAST,TVCG,Scalable Topological Data Analysis and Visualization for Interpreting Data-Driven Models in Scientific Applications,"Shusen Liu, Di Wang, Dan Maljovec, Rushil Anirudh, Jayaraman J. Thiagarajan, Sam Ade Jacobs, Brian C. Van Essen, David Hysom, Jae-Seung Yeom, Jim Gaffney, J. Luc Peterson, Peter B. Robinson, Harsh Bhatia, Valerio Pascucci, Brian K. Spears, Peer-Timo Bremer",,,,,,,,,2019,VAST,Ballroom B,Tuesday,Features and Topology,22-Oct,5:16 PM,5:31 PM,"Shusen Liu, Di Wang, Dan Maljovec, Rushil Anirudh, Jayaraman J. Thiagarajan, Sam Ade Jacobs, Brian C. Van Essen, David Hysom, Jae-Seung Yeom, Jim Gaffney, J. Luc Peterson, Peter B. Robinson, Harsh Bhatia, Valerio Pascucci, Brian K. Spears, Peer-Timo Bremer"
InfoVis,TVCG,"Biased Average Position Estimates in Line and Bar Graphs: Underestimation, Overestimation, and Perceptual Pull","Cindy Xiong, Cristina R Ceja, Casimir Ludwig, Steven Franconeri",,,,,,,,,2019,InfoVis,Ballroom C,Tuesday,Bias & Patterns,22-Oct,4:01 PM,4:16 PM,"Cindy Xiong, Cristina R Ceja, Casimir Ludwig, Steven Franconeri"
InfoVis,TVCG,Measures of the benefit of direct encoding of data deltas for data pair relation perception,"Christine Nothelfer, Steven Franconeri",,,,,,,,,2019,InfoVis,Ballroom C,Tuesday,Bias & Patterns,22-Oct,4:16 PM,4:31 PM,"Christine Nothelfer, Steven Franconeri"
TVCG,TVCG,A Task-based Taxonomy of Cognitive Biases for Information Visualization,"Evanthia Dimara, Steven Franconeri, Catherine Plaisant, Anastasia Bezerianos, Pierre Dragicevic",,,,,,,,,2019,InfoVis,Ballroom C,Tuesday,Bias & Patterns,22-Oct,4:31 PM,4:46 PM,"Evanthia Dimara, Steven Franconeri, Catherine Plaisant, Anastasia Bezerianos, Pierre Dragicevic"
TVCG,TVCG,The Curse of Knowledge in Visual Data Communication,"Cindy Xiong, Lisanne van Weelden, Steven Franconeri",,,,,,,,,2019,InfoVis,Ballroom C,Tuesday,Bias & Patterns,22-Oct,4:46 PM,5:01 PM,"Cindy Xiong, Lisanne van Weelden, Steven Franconeri"
VAST,TVCG,Evaluating Perceptual Bias During Geometric Scaling of Scatterplots,"Yating Wei, Honghui Mei, Ying Zhao, Shuyue Zhou, Bingru Lin, Haojin Jiang, Wei Chen",,,,,,,,,2019,VAST,Ballroom C,Tuesday,Bias & Patterns,22-Oct,5:01 PM,5:16 PM,"Yating Wei, Honghui Mei, Ying Zhao, Shuyue Zhou, Bingru Lin, Haojin Jiang, Wei Chen"
VAST,VAST,FDive: Learning Relevance Models using Pattern-based Similarity Measures,"Frederik L. Dennig, Thomas E. Polk, Zudi Lin, Tobias Schreck, Hanspeter Pfister, Michael Behrisch",,,,,,,,,2019,VAST,Ballroom C,Tuesday,Bias & Patterns,22-Oct,5:16 PM,5:31 PM,"Frederik L. Dennig, Thomas E. Polk, Zudi Lin, Tobias Schreck, Hanspeter Pfister, Michael Behrisch"
?,?,Designing Visual Guides for Casual Listeners of Live Orchestral Music,"Catherine Solis, Fahimeh Rajabiyazdi, Fanny Chevalier",,,,,,,,,2019,?,Room 1,Tuesday,Short Papers: Systems and Design Studies,22-Oct,4:01 PM,4:12 PM,"Catherine Solis, Fahimeh Rajabiyazdi, Fanny Chevalier"
?,?,Uncovering Data Landscapes through Data Reconnaissance and Task Wrangling,"Anamaria Crisan, Tamara Munzner",,,,,,,,,2019,?,Room 1,Tuesday,Short Papers: Systems and Design Studies,22-Oct,4:12 PM,4:23 PM,"Anamaria Crisan, Tamara Munzner"
?,?,Sabrina: Modeling and Visualization of Economy Data with Incremental Domain Knowledge,"Alessio Arleo, Christos Tsigkanos, Chao Jia, Roger A. Leite, Ilir Murturi, Manfred Klaffenboeck, Shahram Dustdar, Michael Wimmer, Silvia Miksch, Johannes Sorger",,,,,,,,,2019,?,Room 1,Tuesday,Short Papers: Systems and Design Studies,22-Oct,4:23 PM,4:34 PM,"Alessio Arleo, Christos Tsigkanos, Chao Jia, Roger A. Leite, Ilir Murturi, Manfred Klaffenboeck, Shahram Dustdar, Michael Wimmer, Silvia Miksch, Johannes Sorger"
?,?,Visual Analysis of the Time Management of Learning Multiple Courses in Online Learning Environment,"Huan He, Bo Dong, Qinghua Zheng, Dehai Di, Yating Lin",,,,,,,,,2019,?,Room 1,Tuesday,Short Papers: Systems and Design Studies,22-Oct,4:34 PM,4:45 PM,"Huan He, Bo Dong, Qinghua Zheng, Dehai Di, Yating Lin"
?,?,H-Matrix: Hierarchical Matrix for Visual Analysis of Cross-Linguistic Features in Large Learner Corpora,"Mariana Shimabukuro, Jessica Zipf, Mennatallah El-Assady, Christopher Collins",,,,,,,,,2019,?,Room 1,Tuesday,Short Papers: Systems and Design Studies,22-Oct,4:45 PM,4:56 PM,"Mariana Shimabukuro, Jessica Zipf, Mennatallah El-Assady, Christopher Collins"
?,?,OCTVis: Ontology-based Comparison of Topic Models,"Amon Ge, Hyeju Jang, Giuseppe Carenini, Kendall Ho, Young Ji Lee",,,,,,,,,2019,?,Room 1,Tuesday,Short Papers: Systems and Design Studies,22-Oct,4:56 PM,5:07 PM,"Amon Ge, Hyeju Jang, Giuseppe Carenini, Kendall Ho, Young Ji Lee"
?,?,MissBiN: Visual Analysis of Missing Links in Bipartite Networks,"Jian Zhao, Maoyuan Sun, Francine Chen, Patrick Chiu",,,,,,,,,2019,?,Room 1,Tuesday,Short Papers: Systems and Design Studies,22-Oct,5:07 PM,5:18 PM,"Jian Zhao, Maoyuan Sun, Francine Chen, Patrick Chiu"
?,?,FacIt: Factorizing Tensors into Interpretable and Scrutinizable Patterns,"Xidao Wen, Yu-Ru Lin, Yongsu Ahn, Konstantinos Pelechrinis, Xi Liu, Nan Cao",,,,,,,,,2019,?,Room 1,Tuesday,Short Papers: Systems and Design Studies,22-Oct,5:18 PM,5:29 PM,"Xidao Wen, Yu-Ru Lin, Yongsu Ahn, Konstantinos Pelechrinis, Xi Liu, Nan Cao"
InfoVis,TVCG,Pattern-Driven Navigation in 2D Multiscale Visualizations with Scalable Insets,"Fritz Lekschas, Michael Behrisch, Benjamin Bach, Peter Kerpedjiev, Nils Gehlenborg, Hanspeter Pfister",,,,,,,,,2019,InfoVis,Ballroom A,Wednesday,Multiscale Visualization,23-Oct,9:00 AM,9:15 AM,"Fritz Lekschas, Michael Behrisch, Benjamin Bach, Peter Kerpedjiev, Nils Gehlenborg, Hanspeter Pfister"
SciVis,TVCG,Multi-Scale Procedural Animations of Microtubule Dynamics Based on Measured Data,"Tobias Klein, Ivan Viola, Eduard Gröller, Peter Mindek",,,,,,,,,2019,SciVis,Ballroom A,Wednesday,Multiscale Visualization,23-Oct,9:15 AM,9:30 AM,"Tobias Klein, Ivan Viola, Eduard Gröller, Peter Mindek"
SciVis,TVCG,OpenSpace: A System for Astrographics,"Alexander Bock, Emil Axelsson, Jonathas Costa, Gene Payne, Micah Acinapura, Vivian Trakinski, Carter B Emmart PhD, Claudio T. Silva, Charles Hansen, Anders Ynnerman",,,,,,,,,2019,SciVis,Ballroom A,Wednesday,Multiscale Visualization,23-Oct,9:30 AM,9:45 AM,"Alexander Bock, Emil Axelsson, Jonathas Costa, Gene Payne, Micah Acinapura, Vivian Trakinski, Carter B Emmart PhD, Claudio T. Silva, Charles Hansen, Anders Ynnerman"
SciVis,TVCG,Scale-Space Splatting: Reforming Spacetime for the Cross-Scale Exploration of Integral Measures in Molecular Dynamics,"Juraj Pálenik, Jan Byška, Stefan Bruckner, Helwig Hauser",,,,,,,,,2019,SciVis,Ballroom A,Wednesday,Multiscale Visualization,23-Oct,9:45 AM,10:00 AM,"Juraj Pálenik, Jan Byška, Stefan Bruckner, Helwig Hauser"
SciVis,TVCG,ScaleTrotter: Illustrative Visual Travels Across Negative Scales,"Sarkis Halladjian, Haichao Miao, David Kouřil, Eduard Gröller, Ivan Viola, Tobias Isenberg",,,,,,,,,2019,SciVis,Ballroom A,Wednesday,Multiscale Visualization,23-Oct,10:00 AM,10:15 AM,"Sarkis Halladjian, Haichao Miao, David Kouřil, Eduard Gröller, Ivan Viola, Tobias Isenberg"
InfoVis,TVCG,A Deep Generative Model for Graph Layout,"Oh-Hyun Kwon, Kwan-Liu Ma",,,,,,,,,2019,InfoVis,Ballroom B,Wednesday,Drawing Nodes and Edges,23-Oct,9:00 AM,9:15 AM,"Oh-Hyun Kwon, Kwan-Liu Ma"
InfoVis,TVCG,DeepDrawing: A Deep Learning Approach to Graph Drawing,"Yong Wang, Zhihua Jin, Qianwen Wang, Weiwei Cui, Tengfei Ma, Huamin Qu",,,,,,,,,2019,InfoVis,Ballroom B,Wednesday,Drawing Nodes and Edges,23-Oct,9:15 AM,9:30 AM,"Yong Wang, Zhihua Jin, Qianwen Wang, Weiwei Cui, Tengfei Ma, Huamin Qu"
InfoVis,TVCG,Interactive Structure-aware Blending of Diverse Edge Bundling Visualizations,"Yunhai Wang, Mingliang Xue, Yanyan Wang, Xinyuan Yan, Baoquan Chen, Chi-Wing Fu, Christophe Hurter",,,,,,,,,2019,InfoVis,Ballroom B,Wednesday,Drawing Nodes and Edges,23-Oct,9:30 AM,9:45 AM,"Yunhai Wang, Mingliang Xue, Yanyan Wang, Xinyuan Yan, Baoquan Chen, Chi-Wing Fu, Christophe Hurter"
InfoVis,TVCG,Persistent Homology Guided Force-Directed Graph Layouts,"Ashley Suh, Mustafa Hajij, Bei Wang, Carlos Scheidegger, Paul Rosen",,,,,,,,,2019,InfoVis,Ballroom B,Wednesday,Drawing Nodes and Edges,23-Oct,9:45 AM,10:00 AM,"Ashley Suh, Mustafa Hajij, Bei Wang, Carlos Scheidegger, Paul Rosen"
TVCG,TVCG,Graph Drawing by Stochastic Gradient Descent,"J X Zheng, D F M Goodman, S Pawar",,,,,,,,,2019,InfoVis,Ballroom B,Wednesday,Drawing Nodes and Edges,23-Oct,10:00 AM,10:15 AM,"J X Zheng, D F M Goodman, S Pawar"
TVCG,TVCG,The Effect of Edge Bundling and Seriation on Sensemaking of Biclusters in Bipartite Graphs,"Maoyuan Sun, Jian Zhao, Hao Wu, Kurt Luther, Chris North, Naren Ramakrishnan",,,,,,,,,2019,VAST,Ballroom B,Wednesday,Drawing Nodes and Edges,23-Oct,10:15 AM,10:30 AM,"Maoyuan Sun, Jian Zhao, Hao Wu, Kurt Luther, Chris North, Naren Ramakrishnan"
SciVis,TVCG,Accelerated Monte Carlo Rendering of Finite-Time Lyapunov Exponents,"Irene Baeza Rojo, Markus Gross, Tobias Günther",,,,,,,,,2019,SciVis,Ballroom C,Wednesday,Flow,23-Oct,9:00 AM,9:15 AM,"Irene Baeza Rojo, Markus Gross, Tobias Günther"
TVCG,TVCG,Detection and Visualization of Splat and Antisplat Events in Turbulent Flows,"Baldwin Nsonga, Martin Niemann, Jochen Fröhlich, Joachim Staib, Stefan Gumhold, Gerik Scheuermann",,,,,,,,,2019,SciVis,Ballroom C,Wednesday,Flow,23-Oct,9:15 AM,9:30 AM,"Baldwin Nsonga, Martin Niemann, Jochen Fröhlich, Joachim Staib, Stefan Gumhold, Gerik Scheuermann"
SciVis,TVCG,Analysis of the Near-Wall Flow in a Turbine Cascade by Splat Visualization,"Baldwin Nsonga, Gerik Scheuermann, Stefan Gumhold, Jordi Ventosa-Molina, Denis Koschichow, Jochen Fröhlich",,,,,,,,,2019,SciVis,Ballroom C,Wednesday,Flow,23-Oct,9:30 AM,9:45 AM,"Baldwin Nsonga, Gerik Scheuermann, Stefan Gumhold, Jordi Ventosa-Molina, Denis Koschichow, Jochen Fröhlich"
TVCG,TVCG,Extreme-Scale Stochastic Particle Tracing for Uncertain Unsteady Flow Visualization and Analysis,"Hanqi Guo, Wenbin He, Sangmin Seo, Han-Wei Shen, Emil Mihai Constantinescu, Chunhui Liu, Tom Peterka",,,,,,,,,2019,SciVis,Ballroom C,Wednesday,Flow,23-Oct,9:45 AM,10:00 AM,"Hanqi Guo, Wenbin He, Sangmin Seo, Han-Wei Shen, Emil Mihai Constantinescu, Chunhui Liu, Tom Peterka"
TVCG,TVCG,FlowNet: A Deep Learning Framework for Clustering and Selection of Streamlines and Stream Surfaces,"Jun Han, Jun Tao, Chaoli Wang",,,,,,,,,2019,SciVis,Ballroom C,Wednesday,Flow,23-Oct,10:00 AM,10:15 AM,"Jun Han, Jun Tao, Chaoli Wang"
TVCG,TVCG,Hyper-Objective Vortices,"Tobias Günther, Holger Theisel",,,,,,,,,2019,SciVis,Ballroom C,Wednesday,Flow,23-Oct,10:15 AM,10:30 AM,"Tobias Günther, Holger Theisel"
?,?,A Markov Model of Users' Interactive Behavior in Scatterplots,"Emily Wall, Arup Arcalgud, Kuhu Gupta, Andrew Jo",,,,,,,,,2019,?,Room 1,Wednesday,"Short Papers: Perception, Cognition, and Visualization Design",23-Oct,9:00 AM,9:11 AM,"Emily Wall, Arup Arcalgud, Kuhu Gupta, Andrew Jo"
?,?,Slope-Dependent Rendering of Parallel Coordinates to Reduce Density Distortion and Ghost Clusters,"David Pomerenke, Frederik L. Dennig, Daniel Keim, Johannes Fuchs, Michael Blumenschein",,,,,,,,,2019,?,Room 1,Wednesday,"Short Papers: Perception, Cognition, and Visualization Design",23-Oct,9:11 AM,9:22 AM,"David Pomerenke, Frederik L. Dennig, Daniel Keim, Johannes Fuchs, Michael Blumenschein"
?,?,Evaluating Ordering Strategies of Star Glyph Axes,"Matthias Miller, Xuan Zhang, Johannes Fuchs, Michael Blumenschein",,,,,,,,,2019,?,Room 1,Wednesday,"Short Papers: Perception, Cognition, and Visualization Design",23-Oct,9:22 AM,9:33 AM,"Matthias Miller, Xuan Zhang, Johannes Fuchs, Michael Blumenschein"
?,?,Interactive Visualisation of Hierarchical Quantitative Data: an Evaluation,"Linda Woodburn, Yalong Yang, Kim Marriott",,,,,,,,,2019,?,Room 1,Wednesday,"Short Papers: Perception, Cognition, and Visualization Design",23-Oct,9:33 AM,9:44 AM,"Linda Woodburn, Yalong Yang, Kim Marriott"
?,?,Evidence for Area as the Primary Visual Cue in Pie Charts,Robert Kosara,,,,,,,,,2019,?,Room 1,Wednesday,"Short Papers: Perception, Cognition, and Visualization Design",23-Oct,9:44 AM,9:55 AM,Robert Kosara
?,?,Visual cues in estimation of part-to-whole comparison,Stephen Redmond,,,,,,,,,2019,?,Room 1,Wednesday,"Short Papers: Perception, Cognition, and Visualization Design",23-Oct,9:55 AM,10:06 AM,Stephen Redmond
?,?,Towards a Design Space for Mitigating Cognitive Bias in Visual Analytics,"Emily Wall, John Stasko, Alex Endert",,,,,,,,,2019,?,Room 1,Wednesday,"Short Papers: Perception, Cognition, and Visualization Design",23-Oct,10:06 AM,10:17 AM,"Emily Wall, John Stasko, Alex Endert"
?,?,Thumbnails for Data Stories: Survey of Current Practice,"Hwiyeon Kim, Juyoung Oh, Yunha Han, Sungahn Ko, Matthew Brehmer, Bum Chul Kwon",,,,,,,,,2019,?,Room 1,Wednesday,"Short Papers: Perception, Cognition, and Visualization Design",23-Oct,10:17 AM,10:28 AM,"Hwiyeon Kim, Juyoung Oh, Yunha Han, Sungahn Ko, Matthew Brehmer, Bum Chul Kwon"
?,?,Towards Quantifying multiple view layouts in visualisation as seen from research publications,"Hayder Mahdi Al-maneea, Jonathan C Roberts",,,,,,,,,2019,?,Room 1,Wednesday,"Short Papers: Perception, Cognition, and Visualization Design",23-Oct,10:28 AM,10:39 AM,"Hayder Mahdi Al-maneea, Jonathan C Roberts"
InfoVis,TVCG,Toward Objective Evaluation of Working Memory in Visualizations: A Case Study Using Pupillometry and a Dual-Task Paradigm,"Lace M. K. Padilla, Spencer Castro, P. Samuel Quinan, Ian T. Ruginski, Sarah Creem-Regehr",,,,,,,,,2019,InfoVis,Ballroom A,Wednesday,Evaluation & Reproducibility,23-Oct,10:05 PM,10:20 PM,"Lace M. K. Padilla, Spencer Castro, P. Samuel Quinan, Ian T. Ruginski, Sarah Creem-Regehr"
InfoVis,TVCG,VisTA: Integrating Machine Intelligence with Visualization to Support the Investigation of Think-Aloud Sessions,"Mingming Fan, Ke Wu, Jian Zhao, Yue Li, Winter Wei, Khai Truong",,,,,,,,,2019,InfoVis,Ballroom A,Wednesday,Evaluation & Reproducibility,23-Oct,10:20 PM,10:35 PM,"Mingming Fan, Ke Wu, Jian Zhao, Yue Li, Winter Wei, Khai Truong"
TVCG,TVCG,Embedding Meta-Information into Visualizations,"Alok Hota, Jian Huang",,,,,,,,,2019,SciVis,Ballroom A,Wednesday,Evaluation & Reproducibility,23-Oct,10:35 PM,10:50 PM,"Alok Hota, Jian Huang"
TVCG,TVCG,On Evaluating Runtime Performance of Interactive Visualizations,"Valentin Bruder, Christoph Müller, Steffen Frey, Thomas Ertl",,,,,,,,,2019,SciVis,Ballroom A,Wednesday,Evaluation & Reproducibility,23-Oct,10:50 PM,11:05 PM,"Valentin Bruder, Christoph Müller, Steffen Frey, Thomas Ertl"
VAST,TVCG,The Validity and Generalizability of Summative Evaluation Methods in Visual Analytics,"Mosab Khayat, Morteza Karimzadeh, David Ebert, Arif Ghafoor",,,,,,,,,2019,VAST,Ballroom A,Wednesday,Evaluation & Reproducibility,23-Oct,11:05 PM,11:20 PM,"Mosab Khayat, Morteza Karimzadeh, David Ebert, Arif Ghafoor"
TVCG,TVCG,An Analysis of Automated Visual Analysis Classification: Interactive Visualization Task Inference of Cancer Genomics Domain Experts,"Connor C. Gramazio, Jeff Huang, David H. Laidlaw",,,,,,,,,2019,VAST,Ballroom A,Wednesday,Evaluation & Reproducibility,23-Oct,11:20 PM,11:35 PM,"Connor C. Gramazio, Jeff Huang, David H. Laidlaw"
InfoVis,TVCG,A Comparative Evaluation of Animation and Small Multiples for Trend Visualization on Mobile Phones,"Matthew Brehmer, Bongshin Lee, Petra Isenberg, Eun Kyoung Choe",,,,,,,,,2019,InfoVis,Ballroom B,Wednesday,Animation and Sports,23-Oct,10:05 PM,10:20 PM,"Matthew Brehmer, Bongshin Lee, Petra Isenberg, Eun Kyoung Choe"
InfoVis,TVCG,A Comparison of Visualizations for Identifying Correlation Over Time and Space,"Vanessa Peña-Araya, Emmanuel Pietriga, Anastasia Bezerianos",,,,,,,,,2019,InfoVis,Ballroom B,Wednesday,Animation and Sports,23-Oct,10:20 PM,10:35 PM,"Vanessa Peña-Araya, Emmanuel Pietriga, Anastasia Bezerianos"
InfoVis,TVCG,Common Fate for Animated Transitions in Visualization,"Amira Chalbi, Jacob Ritchie, Deokgun Park, Jungu Choi, Nicolas Roussel, Niklas Elmqvist, Fanny Chevalier",,,,,,,,,2019,InfoVis,Ballroom B,Wednesday,Animation and Sports,23-Oct,10:35 PM,10:50 PM,"Amira Chalbi, Jacob Ritchie, Deokgun Park, Jungu Choi, Nicolas Roussel, Niklas Elmqvist, Fanny Chevalier"
VAST,TVCG,CourtTime: Generating Actionable Insights into Tennis Matches Using Visual Analytics,"Thomas E. Polk, Dominik Jäckle, Johannes Häußler, Jing Yang",,,,,,,,,2019,VAST,Ballroom B,Wednesday,Animation and Sports,23-Oct,10:50 PM,11:05 PM,"Thomas E. Polk, Dominik Jäckle, Johannes Häußler, Jing Yang"
VAST,TVCG,Tac-Simur: Visual Analytics for Tactic-based Match Simulation of Table Tennis,"Jiachen Wang, Kejian Zhao, Dazhen Deng, Anqi Cao, Xiao Xie, Zheng Zhou, Hui Zhang, Yingcai Wu",,,,,,,,,2019,VAST,Ballroom B,Wednesday,Animation and Sports,23-Oct,11:05 PM,11:20 PM,"Jiachen Wang, Kejian Zhao, Dazhen Deng, Anqi Cao, Xiao Xie, Zheng Zhou, Hui Zhang, Yingcai Wu"
TVCG,TVCG,COPE: Interactive Exploration of Co-occurrence Patterns in Spatial Time Series,"Jie Li, Siming Chen, Kang Zhang, Gennady Andrienko, Natalia Andrienko",,,,,,,,,2019,VAST,Ballroom B,Wednesday,Animation and Sports,23-Oct,11:20 PM,11:35 PM,"Jie Li, Siming Chen, Kang Zhang, Gennady Andrienko, Natalia Andrienko"
TVCG,TVCG,Taxonomizer: A Visual Analytics Framework for Constructing Fully Labeled Hierarchies from Multivariate Data,"Salman Mahmood, Klaus Mueller",,,,,,,,,2019,VAST,Ballroom C,Wednesday,Multivariate & Multidimensional Data,23-Oct,10:05 PM,10:20 PM,"Salman Mahmood, Klaus Mueller"
InfoVis,TVCG,An Incremental Dimensionality Reduction Method for Visualizing Streaming Multidimensional Data,"Takanori Fujiwara, Jia-Kai Chou, Shilpika Shilpika, Panpan Xu, Liu Ren, Kwan-Liu Ma",,,,,,,,,2019,InfoVis,Ballroom C,Wednesday,Multivariate & Multidimensional Data,23-Oct,10:20 PM,10:35 PM,"Takanori Fujiwara, Jia-Kai Chou, Shilpika Shilpika, Panpan Xu, Liu Ren, Kwan-Liu Ma"
TVCG,TVCG,Generalizing Iso-surfaces to Multi-variate Data,"Jochen Jankowai, Ingrid Hotz",,,,,,,,,2019,SciVis,Ballroom C,Wednesday,Multivariate & Multidimensional Data,23-Oct,10:35 PM,10:50 PM,"Jochen Jankowai, Ingrid Hotz"
TVCG,TVCG,TTHRESH: Tensor Compression for Multidimensional Visual Data,"Rafael Ballester-Ripoll, Peter Lindstrom, Renato Pajarola",,,,,,,,,2019,SciVis,Ballroom C,Wednesday,Multivariate & Multidimensional Data,23-Oct,10:50 PM,11:05 PM,"Rafael Ballester-Ripoll, Peter Lindstrom, Renato Pajarola"
VAST,TVCG,Selection Bias Tracking and Detailed Subset Comparison for High-Dimensional Data,"David Borland, Wenyuan Wang, Jonathan Zhang, Joshua Shrestha, David Gotz",,,,,,,,,2019,VAST,Ballroom C,Wednesday,Multivariate & Multidimensional Data,23-Oct,11:05 PM,11:20 PM,"David Borland, Wenyuan Wang, Jonathan Zhang, Joshua Shrestha, David Gotz"
VAST,TVCG,Visual Analysis of High-Dimensional Event Sequence Data via Dynamic Hierarchical Aggregation,"David Gotz, Jonathan Zhang, Wenyuan Wang, Joshua Shrestha, David Borland",,,,,,,,,2019,VAST,Ballroom C,Wednesday,Multivariate & Multidimensional Data,23-Oct,11:20 PM,11:35 PM,"David Gotz, Jonathan Zhang, Wenyuan Wang, Joshua Shrestha, David Borland"
?,TVCG,A Walk Among the Data: Exploration and Anthropomorphism in Immersive Unit Visualizat,"Alexander Ivanov, Kurtis Danyluk, Christian Jacob, Wesley Willett",,,,,,,,,2019,?,Room 8+15,Wednesday,CG&A Session 1,23-Oct,10:05 PM,10:20 PM,"Alexander Ivanov, Kurtis Danyluk, Christian Jacob, Wesley Willett"
?,TVCG,Immersive Analytics Lessons from the Electronic Visualization Laboratory: a 25 Year Perspec,"G. Elisabeta Marai, Jason Leigh, Andrew Johnson",,,,,,,,,2019,?,Room 8+15,Wednesday,CG&A Session 1,23-Oct,10:20 PM,10:35 PM,"G. Elisabeta Marai, Jason Leigh, Andrew Johnson"
?,TVCG,Comfortable Immersive Analytics with the VirtualDesk Meta,"Jorge A. Wagner Filho, Carla M. D. S. Freitas, Luciana Nedel",,,,,,,,,2019,?,Room 8+15,Wednesday,CG&A Session 1,23-Oct,10:35 PM,10:50 PM,"Jorge A. Wagner Filho, Carla M. D. S. Freitas, Luciana Nedel"
?,TVCG,Augmented Reality Graph Visualizations - Investigation of Visual Styles in 3D Node-Link Diag,"Wolfgang Büschel, Stefan Vogt, Raimund Dachselt",,,,,,,,,2019,?,Room 8+15,Wednesday,CG&A Session 1,23-Oct,10:50 PM,11:05 PM,"Wolfgang Büschel, Stefan Vogt, Raimund Dachselt"
?,TVCG,Visualization and the Digital Humanities: Moving Toward Stronger Collaborat,"Adam James Bradley, Mennatallah El-Assady, Katharine Coles, Eric Alexander, Min Chen, Christopher Collins, Stefan Jänicke, David Joseph Wrisley",,,,,,,,,2019,?,Room 8+15,Wednesday,CG&A Session 1,23-Oct,11:05 PM,11:20 PM,"Adam James Bradley, Mennatallah El-Assady, Katharine Coles, Eric Alexander, Min Chen, Christopher Collins, Stefan Jänicke, David Joseph Wrisley"
?,TVCG,Graphoto: Aesthetically Pleasing Charts for Casual Information Visualiza,"Hi Jwan Park, Arie Kaufman, Klaus Mueller",,,,,,,,,2019,?,Room 8+15,Wednesday,CG&A Session 1,23-Oct,11:20 PM,11:35 PM,"Hi Jwan Park, Arie Kaufman, Klaus Mueller"
InfoVis,TVCG,Construct-A-Vis: Free-Form Visualization Creation for Children,"Fearn Bishop, Johannes Zagermann, Ulrike Pfeil, Gemma Sanderson, Harald Reiterer, Uta Hinrichs",,,,,,,,,2019,InfoVis,Ballroom A,Wednesday,(De)Construction,23-Oct,2:02 PM,2:17 PM,"Fearn Bishop, Johannes Zagermann, Ulrike Pfeil, Gemma Sanderson, Harald Reiterer, Uta Hinrichs"
InfoVis,TVCG,Critical Reflections of Visualization Authoring Systems,"Arvind Satyanarayan, Bongshin Lee, Donghao Ren, Jeffrey Heer, John Stasko, John R Thompson, Matthew Brehmer, Zhicheng Liu",,,,,,,,,2019,InfoVis,Ballroom A,Wednesday,(De)Construction,23-Oct,2:17 PM,2:32 PM,"Arvind Satyanarayan, Bongshin Lee, Donghao Ren, Jeffrey Heer, John Stasko, John R Thompson, Matthew Brehmer, Zhicheng Liu"
InfoVis,TVCG,Decoding Complex Visualizations in Science Museums – An Empirical Study,"Joyce Ma, Kwan-Liu Ma, Jennifer Frazier",,,,,,,,,2019,InfoVis,Ballroom A,Wednesday,(De)Construction,23-Oct,2:32 PM,2:47 PM,"Joyce Ma, Kwan-Liu Ma, Jennifer Frazier"
InfoVis,TVCG,Investigating Direct Manipulation of Graphical Encodings as a Method for User Interaction,"Bahador Saket, Samuel Huron, Charles Perin, Alex Endert",,,,,,,,,2019,InfoVis,Ballroom A,Wednesday,(De)Construction,23-Oct,2:47 PM,3:02 PM,"Bahador Saket, Samuel Huron, Charles Perin, Alex Endert"
SciVis,TVCG,Artifact-Based Rendering: Harnessing Natural and Traditional Visual Media for More Expressive and Engaging 3D Visualizations,"Seth A Johnson, Francesca Samsel, Greg Abram, Daniel Olson, Andrew Solis, Bridger Herman, Philip Wolfram, Christophe Langlet, Daniel F. Keefe",,,,,,,,,2019,SciVis,Ballroom A,Wednesday,(De)Construction,23-Oct,3:02 PM,3:17 PM,"Seth A Johnson, Francesca Samsel, Greg Abram, Daniel Olson, Andrew Solis, Bridger Herman, Philip Wolfram, Christophe Langlet, Daniel F. Keefe"
VAST,VAST,Origraph: Interactive Network Wrangling,"Alex Bigelow, Carolina Nobre, Miriah Meyer, Alexander Lex",,,,,,,,,2019,VAST,Ballroom A,Wednesday,(De)Construction,23-Oct,3:17 PM,3:32 PM,"Alex Bigelow, Carolina Nobre, Miriah Meyer, Alexander Lex"
TVCG,TVCG,MARVisT: Authoring Glyph-based Visualization in Mobile Augmented Reality,"Zhutian Chen, Yijia Su, Yifang Wang, Qianwen Wang, Huamin Qu, Yingcai Wu",,,,,,,,,2019,InfoVis,Ballroom B,Wednesday,Immersion and Virtual Environments,23-Oct,2:02 PM,2:17 PM,"Zhutian Chen, Yijia Su, Yifang Wang, Qianwen Wang, Huamin Qu, Yingcai Wu"
InfoVis,TVCG,Designing for Mobile and Immersive Visual Analytics in the Field,"Matt Whitlock, Keke Wu, Danielle Albers Szafir",,,,,,,,,2019,InfoVis,Ballroom B,Wednesday,Immersion and Virtual Environments,23-Oct,2:17 PM,2:32 PM,"Matt Whitlock, Keke Wu, Danielle Albers Szafir"
InfoVis,TVCG,Evaluating an Immersive Space-Time Cube Geovisualization for Intuitive Trajectory Data Exploration,"Jorge A. Wagner, Wolfgang Stuerzlinger, Luciana Nedel",,,,,,,,,2019,InfoVis,Ballroom B,Wednesday,Immersion and Virtual Environments,23-Oct,2:32 PM,2:47 PM,"Jorge A. Wagner, Wolfgang Stuerzlinger, Luciana Nedel"
InfoVis,TVCG,The Impact of Immersion on Cluster Identification Tasks,"Matthias Kraus, Niklas Kai Weiler, Daniela Oelke, Johannes Kehrer, Daniel Keim, Johannes Fuchs",,,,,,,,,2019,InfoVis,Ballroom B,Wednesday,Immersion and Virtual Environments,23-Oct,2:47 PM,3:02 PM,"Matthias Kraus, Niklas Kai Weiler, Daniela Oelke, Johannes Kehrer, Daniel Keim, Johannes Fuchs"
InfoVis,TVCG,"There Is No Spoon: Evaluating Performance, Space Use, and Presence with Expert Domain Users in Immersive Analytics","Andrea Batch, Andrew Cunningham, Maxime Cordeil, Niklas Elmqvist, Tim Dwyer, Bruce H Thomas, Kim Marriott",,,,,,,,,2019,InfoVis,Ballroom B,Wednesday,Immersion and Virtual Environments,23-Oct,3:02 PM,3:17 PM,"Andrea Batch, Andrew Cunningham, Maxime Cordeil, Niklas Elmqvist, Tim Dwyer, Bruce H Thomas, Kim Marriott"
SciVis,TVCG,Deadeye Visualization Revisited: Investigation of Preattentiveness and Applicability in Virtual Environments,"Andrey Krekhov, Sebastian Cmentowski, Andre Waschk, Jens Krueger",,,,,,,,,2019,SciVis,Ballroom B,Wednesday,Immersion and Virtual Environments,23-Oct,3:17 PM,3:32 PM,"Andrey Krekhov, Sebastian Cmentowski, Andre Waschk, Jens Krueger"
VAST,TVCG,Interactive Learning for Identifying Relevant Tweets to Support Real-time Situational Awareness,"Luke Snyder, Yi-Shan Lin, Morteza Karimzadeh, Dan Goldwasser, David Ebert",,,,,,,,,2019,VAST,Ballroom C,Wednesday,Planning and Situational Awareness,23-Oct,2:02 PM,2:17 PM,"Luke Snyder, Yi-Shan Lin, Morteza Karimzadeh, Dan Goldwasser, David Ebert"
TVCG,TVCG,A Systematic Review of Visualization in Building Information Modeling,"Paulo Ivson, André Moreira, Francisco Queiroz, Wallas Santos, Waldemar Celes",,,,,,,,,2019,InfoVis,Ballroom C,Wednesday,Planning and Situational Awareness,23-Oct,2:17 PM,2:32 PM,"Paulo Ivson, André Moreira, Francisco Queiroz, Wallas Santos, Waldemar Celes"
VAST,TVCG,"LightGuider: Guiding Interactive Lighting Design using Suggestions, Provenance, and Quality Visualization","Andreas Walch, Michael Schwärzler, Christian Luksch, Elmar Eisemann, Theresia Gschwandtner",,,,,,,,,2019,VAST,Ballroom C,Wednesday,Planning and Situational Awareness,23-Oct,2:32 PM,2:47 PM,"Andreas Walch, Michael Schwärzler, Christian Luksch, Elmar Eisemann, Theresia Gschwandtner"
VAST,TVCG,PlanningVis: A Visual Analytics Approach to Production Planning in Smart Factories,"Dong Sun, Renfei Huang, Yong Wang, Yuanzhe Chen, Jia Zeng, Mingxuan Yuan, Ting-Chuen Pong, Huamin Qu",,,,,,,,,2019,VAST,Ballroom C,Wednesday,Planning and Situational Awareness,23-Oct,2:47 PM,3:02 PM,"Dong Sun, Renfei Huang, Yong Wang, Yuanzhe Chen, Jia Zeng, Mingxuan Yuan, Ting-Chuen Pong, Huamin Qu"
VAST,TVCG,Visual Analytics for Electromagnetic Situation Awareness in Radio Monitoring and Management,"Ying Zhao, Xiaobo Luo, Xiaru Lin, Hairong Wang, Xiaoyan Kui, Fangfang Zhou, Jinsong Wang, Yi Chen, Wei Chen",,,,,,,,,2019,VAST,Ballroom C,Wednesday,Planning and Situational Awareness,23-Oct,3:02 PM,3:17 PM,"Ying Zhao, Xiaobo Luo, Xiaru Lin, Hairong Wang, Xiaoyan Kui, Fangfang Zhou, Jinsong Wang, Yi Chen, Wei Chen"
VAST,TVCG,sPortfolio: Stratified Visual Analysis of Stock Portfolios,"Xuanwu Yue, Jiaxin Bai, Qinhan Liu, Yiyang Tang, Abishek Puri, Ke Li, Huamin Qu",,,,,,,,,2019,VAST,Ballroom C,Wednesday,Planning and Situational Awareness,23-Oct,3:17 PM,3:32 PM,"Xuanwu Yue, Jiaxin Bai, Qinhan Liu, Yiyang Tang, Abishek Puri, Ke Li, Huamin Qu"
?,?,Visualization Assessment: A Machine Learning Approach,"Xin Fu, Yun Wang, Haoyu Dong, Weiwei Cui, Haidong Zhang",,,,,,,,,2019,?,Room 1,Wednesday,Short Papers: VIS Meets Machine Learning,23-Oct,2:02 PM,2:13 PM,"Xin Fu, Yun Wang, Haoyu Dong, Weiwei Cui, Haidong Zhang"
?,?,A Deep Learning Approach to Selecting Representative Time Steps for Time-Varying Multivariate Data,"William P. Porter, Yunhao Xing, Blaise R von Ohlen, Jun Han, Chaoli Wang",,,,,,,,,2019,?,Room 1,Wednesday,Short Papers: VIS Meets Machine Learning,23-Oct,2:13 PM,2:24 PM,"William P. Porter, Yunhao Xing, Blaise R von Ohlen, Jun Han, Chaoli Wang"
?,?,Disentangled Representation of Data Distributions in Scatterplots,"Jaemin Jo, Jinwook Seo",,,,,,,,,2019,?,Room 1,Wednesday,Short Papers: VIS Meets Machine Learning,23-Oct,2:24 PM,2:35 PM,"Jaemin Jo, Jinwook Seo"
?,?,Toward Perception-based Evaluation of Clustering Techniques for Visual Analytics,"Michaël Aupetit, Michael Sedlmair, Mostafa M. Abbas, Abdelkader Baggag, Halima Bensmail",,,,,,,,,2019,?,Room 1,Wednesday,Short Papers: VIS Meets Machine Learning,23-Oct,2:35 PM,2:46 PM,"Michaël Aupetit, Michael Sedlmair, Mostafa M. Abbas, Abdelkader Baggag, Halima Bensmail"
?,?,SANVis: Visual Analytics for Understanding Self Attention Networks,"Cheonbok Park, Inyoup Na, Yongjang Jo, Sungbok Shin, Yoo Jaehyo, Bum Chul Kwon, Jian Zhao, Hyungjong Noh, Yeonsoo Lee, Jaegul Choo",,,,,,,,,2019,?,Room 1,Wednesday,Short Papers: VIS Meets Machine Learning,23-Oct,2:46 PM,2:57 PM,"Cheonbok Park, Inyoup Na, Yongjang Jo, Sungbok Shin, Yoo Jaehyo, Bum Chul Kwon, Jian Zhao, Hyungjong Noh, Yeonsoo Lee, Jaegul Choo"
?,?,TeleGam: Combining Visualization and Verbalization for Interpretable Machine Learning,"Fred Hohman, Arjun Srinivasan, Steven Drucker",,,,,,,,,2019,?,Room 1,Wednesday,Short Papers: VIS Meets Machine Learning,23-Oct,2:57 PM,3:08 PM,"Fred Hohman, Arjun Srinivasan, Steven Drucker"
?,?,Visualizing RNN States with Predictive Semantic Encodings,"Lindsey Sawatzky, Steven Bergner, Fred Popowich",,,,,,,,,2019,?,Room 1,Wednesday,Short Papers: VIS Meets Machine Learning,23-Oct,3:08 PM,3:19 PM,"Lindsey Sawatzky, Steven Bergner, Fred Popowich"
?,?,FeatureExplorer: Interactive Feature Selection and Exploration of Regression Models for Hyperspectral Images,"Jieqiong Zhao, Morteza Karimzadeh, Ali Masjedi, Taojun Wang, Xiwen Zhang, Melba Crawford, David Ebert",,,,,,,,,2019,?,Room 1,Wednesday,Short Papers: VIS Meets Machine Learning,23-Oct,3:19 PM,3:30 PM,"Jieqiong Zhao, Morteza Karimzadeh, Ali Masjedi, Taojun Wang, Xiwen Zhang, Melba Crawford, David Ebert"
VAST,TVCG,explAIner: A Visual Analytics Framework for Interactive and Explainable Machine Learning,"Thilo Spinner, Udo Schlegel, Hanna Schaefer, Mennatallah El-Assady",,,,,,,,,2019,VAST,Ballroom A,Thursday,XAI and Fairness,24-Oct,9:00 AM,9:15 AM,"Thilo Spinner, Udo Schlegel, Hanna Schaefer, Mennatallah El-Assady"
VAST,TVCG,Explaining Vulnerabilities to Adversarial Machine Learning through Visual Analytics,"Yuxin Ma, Tiankai Xie, Jundong Li, Ross Maciejewski",,,,,,,,,2019,VAST,Ballroom A,Thursday,XAI and Fairness,24-Oct,9:15 AM,9:30 AM,"Yuxin Ma, Tiankai Xie, Jundong Li, Ross Maciejewski"
VAST,TVCG,FairSight: Visual Analytics for Fairness in Decision Making,"Yongsu Ahn, Yu-Ru Lin",,,,,,,,,2019,VAST,Ballroom A,Thursday,XAI and Fairness,24-Oct,9:30 AM,9:45 AM,"Yongsu Ahn, Yu-Ru Lin"
VAST,TVCG,Summit: Scaling Deep Learning Interpretability by Visualizing Activation and Attribution Summarizations,"Fred Hohman, Haekyu Park, Caleb Robinson, Duen Horng Chau",,,,,,,,,2019,VAST,Ballroom A,Thursday,XAI and Fairness,24-Oct,9:45 AM,10:00 AM,"Fred Hohman, Haekyu Park, Caleb Robinson, Duen Horng Chau"
VAST,VAST,FairVis: Visual Analytics for Discovering Intersectional Bias in Machine Learning,"Àngel Alexander Cabrera, Will Epperson, Fred Hohman, Minsuk Kahng, Jamie Morgenstern, Duen Horng Chau",,,,,,,,,2019,VAST,Ballroom A,Thursday,XAI and Fairness,24-Oct,10:00 AM,10:15 AM,"Àngel Alexander Cabrera, Will Epperson, Fred Hohman, Minsuk Kahng, Jamie Morgenstern, Duen Horng Chau"
TVCG,TVCG,Visual Genealogy of Deep Neural Networks,"Qianwen Wang, Jun Yuan, Shuxin Chen, Hang Su, Huamin Qu, Shixia Liu",,,,,,,,,2019,VAST,Ballroom A,Thursday,XAI and Fairness,24-Oct,10:15 AM,10:30 AM,"Qianwen Wang, Jun Yuan, Shuxin Chen, Hang Su, Huamin Qu, Shixia Liu"
VAST,TVCG,CloudDet: Interactive Visual Analysis of Anomalous Performances in Cloud Computing SystemsD,"Ke Xu, Yun Wang, Leni Yang, Yifang Wang, Bo Qiao, Si Qin, Yong Xu, Haidong Zhang, Huamin Qu",,,,,,,,,2019,VAST,Ballroom B,Thursday,Vis for Software and Systems,24-Oct,9:00 AM,9:15 AM,"Ke Xu, Yun Wang, Leni Yang, Yifang Wang, Bo Qiao, Si Qin, Yong Xu, Haidong Zhang, Huamin Qu"
InfoVis,TVCG,Visualizing a Moving Target: A Design Study on Task Parallel Programs in the Presence of Evolving Data and Concerns,"Kathryn P Williams, Alex Bigelow, Katherine Isaacs",,,,,,,,,2019,InfoVis,Ballroom B,Thursday,Vis for Software and Systems,24-Oct,9:15 AM,9:30 AM,"Kathryn P Williams, Alex Bigelow, Katherine Isaacs"
TVCG,TVCG,How People Visually Represent Discrete Constraint Problem,"Xu Zhu, Miguel A. Nacenta, Özgür Akgun, Peter Nightingale",,,,,,,,,2019,InfoVis,Ballroom B,Thursday,Vis for Software and Systems,24-Oct,9:30 AM,9:45 AM,"Xu Zhu, Miguel A. Nacenta, Özgür Akgun, Peter Nightingale"
TVCG,TVCG,Preserving Command Line Workflow for a Package Management using ASCII DAG Visualization,"Katherine E. Isaacs, Todd Gamblin",,,,,,,,,2019,InfoVis,Ballroom B,Thursday,Vis for Software and Systems,24-Oct,9:45 AM,10:00 AM,"Katherine E. Isaacs, Todd Gamblin"
TVCG,TVCG,Inviwo - A Visualization System with Usage Abstraction Levels,"Daniel Jönsson, Peter Steneteg, Erik Sundén, Rickard Englund, Sathish Kottravel, Martin Falk, Ingrid Hotz, Anders Ynnerman, Timo Ropinski",,,,,,,,,2019,SciVis,Ballroom B,Thursday,Vis for Software and Systems,24-Oct,10:00 AM,10:15 AM,"Daniel Jönsson, Peter Steneteg, Erik Sundén, Rickard Englund, Sathish Kottravel, Martin Falk, Ingrid Hotz, Anders Ynnerman, Timo Ropinski"
VAST,TVCG,Exploranative Code Quality Documents,"Haris Mumtaz, Shahid Latif, Fabian Beck, Daniel Weiskopf",,,,,,,,,2019,VAST,Ballroom B,Thursday,Vis for Software and Systems,24-Oct,10:15 AM,10:30 AM,"Haris Mumtaz, Shahid Latif, Fabian Beck, Daniel Weiskopf"
InfoVis,TVCG,OntoPlot: A Novel Visualisation for Non-hierarchical Associations in Large Ontologies,"Ying Yang, Michael Wybrow, Yuan-Fang Li, Tobias Czauderna, Yongqun He",,,,,,,,,2019,InfoVis,Ballroom C,Thursday,Large Data and Dimensionality Reduction,24-Oct,9:00 AM,9:15 AM,"Ying Yang, Michael Wybrow, Yuan-Fang Li, Tobias Czauderna, Yongqun He"
InfoVis,TVCG,P5: Portable Progressive Parallel Processing Pipeline for Interactive Data Analysis and Visualization,"Kelvin Li, Kwan-Liu Ma",,,,,,,,,2019,InfoVis,Ballroom C,Thursday,Large Data and Dimensionality Reduction,24-Oct,9:15 AM,9:30 AM,"Kelvin Li, Kwan-Liu Ma"
InfoVis,TVCG,RSATree: Distribution-Aware Data Representation of Large-Scale Tabular Datasets for Flexible Visual Query,"Honghui Mei, Yating Wei, Shuyue Zhou, Bingru Lin, Yuanzhe Hu, Ying Zhao, Jiazhi Xia, Wei Chen",,,,,,,,,2019,InfoVis,Ballroom C,Thursday,Large Data and Dimensionality Reduction,24-Oct,9:30 AM,9:45 AM,"Honghui Mei, Yating Wei, Shuyue Zhou, Bingru Lin, Yuanzhe Hu, Ying Zhao, Jiazhi Xia, Wei Chen"
TVCG,TVCG,SolarView: Low Distortion Radial Embedding with a Focus,"Thom Castermans, Kevin Verbeek, Bettina Speckmann, Michel A. Westenberg, Rob Koopman, Shenghui Wang, Hein van den Berg, Arianna Betti",,,,,,,,,2019,InfoVis,Ballroom C,Thursday,Large Data and Dimensionality Reduction,24-Oct,9:45 AM,10:00 AM,"Thom Castermans, Kevin Verbeek, Bettina Speckmann, Michel A. Westenberg, Rob Koopman, Shenghui Wang, Hein van den Berg, Arianna Betti"
TVCG,TVCG,Scientific Visualization as a Microservice,"Mohammad Raji, Alok Hota, Tanner Hobson, Jian Huang",,,,,,,,,2019,SciVis,Ballroom C,Thursday,Large Data and Dimensionality Reduction,24-Oct,10:00 AM,10:15 AM,"Mohammad Raji, Alok Hota, Tanner Hobson, Jian Huang"
VAST,TVCG,GPGPU Linear Complexity tSNE Optimization,"Nicola Pezzotti, Julian Thijssen, Alexander Mordvintsev, Thomas Höllt, Baldur van Lew, Boudewijn P.F. Lelieveldt, Elmar Eisemann, Anna Vilanova",,,,,,,,,2019,VAST,Ballroom C,Thursday,Large Data and Dimensionality Reduction,24-Oct,10:15 AM,10:30 AM,"Nicola Pezzotti, Julian Thijssen, Alexander Mordvintsev, Thomas Höllt, Baldur van Lew, Boudewijn P.F. Lelieveldt, Elmar Eisemann, Anna Vilanova"
TVCG,TVCG,ScatterNet: A Deep Subjective Similarity Model for Visual Analysis of Scatterplots,"Yuxin Ma, Anthony K. H. Tung, Wei Wang, Xiang Gao, Zhigeng Pan, Wei Chen",,,,,,,,,2019,VAST,Ballroom A,Thursday,Scatterplots,24-Oct,10:05 PM,10:20 PM,"Yuxin Ma, Anthony K. H. Tung, Wei Wang, Xiang Gao, Zhigeng Pan, Wei Chen"
InfoVis,TVCG,A Recursive Subdivision Technique for Sampling Multi-class Scatterplots,"Xin Chen, Tong Ge, Jian Zhang, Baoquan Chen, Chi-Wing Fu, Oliver Deussen, Yunhai Wang",,,,,,,,,2019,InfoVis,Ballroom A,Thursday,Scatterplots,24-Oct,10:20 PM,10:35 PM,"Xin Chen, Tong Ge, Jian Zhang, Baoquan Chen, Chi-Wing Fu, Oliver Deussen, Yunhai Wang"
InfoVis,TVCG,Data Sampling in Multi-view and Multi-class Scatterplots via Set Cover Optimization,"Ruizhen Hu, Tingkai Sha, Oliver van Kaick, Oliver Deussen, Hui Huang",,,,,,,,,2019,InfoVis,Ballroom A,Thursday,Scatterplots,24-Oct,10:35 PM,10:50 PM,"Ruizhen Hu, Tingkai Sha, Oliver van Kaick, Oliver Deussen, Hui Huang"
InfoVis,TVCG,Discriminability Tests for Visualization Effectiveness and Scalability,"Rafael Veras, Christopher Collins",,,,,,,,,2019,InfoVis,Ballroom A,Thursday,Scatterplots,24-Oct,10:50 PM,11:05 PM,"Rafael Veras, Christopher Collins"
InfoVis,TVCG,Improving the Robustness of Scagnostics,"Yunhai Wang, Zeyu Wang, Tingting Liu, Michael Correll, Zhanglin Cheng, Oliver Deussen, Michael Sedlmair",,,,,,,,,2019,InfoVis,Ballroom A,Thursday,Scatterplots,24-Oct,11:05 PM,11:20 PM,"Yunhai Wang, Zeyu Wang, Tingting Liu, Michael Correll, Zhanglin Cheng, Oliver Deussen, Michael Sedlmair"
InfoVis,TVCG,Winglets: Visualizing Association with Uncertainty in Multi-class Scatterplots,"Min Lu, Shuaiqi Wang, Joel Lanir, Noa Fish, Yang Yue, Daniel CohenOr, Hui Huang",,,,,,,,,2019,InfoVis,Ballroom A,Thursday,Scatterplots,24-Oct,11:20 PM,11:35 PM,"Min Lu, Shuaiqi Wang, Joel Lanir, Noa Fish, Yang Yue, Daniel CohenOr, Hui Huang"
SciVis,TVCG,Void-and-Cluster Sampling of Large Scattered Data and Trajectories,"Tobias Rapp, Christoph Peters, Carsten Dachsbacher",,,,,,,,,2019,SciVis,Ballroom B,Thursday,Volume Visualization,24-Oct,10:05 PM,10:20 PM,"Tobias Rapp, Christoph Peters, Carsten Dachsbacher"
TVCG,TVCG,FeatureLego: Volume Exploration Using Exhaustive Clustering of Super-Voxels,"Shreeraj Jadhav, Saad Nadeem, Arie Kaufman",,,,,,,,,2019,SciVis,Ballroom B,Thursday,Volume Visualization,24-Oct,10:20 PM,10:35 PM,"Shreeraj Jadhav, Saad Nadeem, Arie Kaufman"
TVCG,TVCG,Interactive Visualization and On-Demand Processing of Large Volume Data: A Fully GPU-Based Out-Of-Core Approach,"Jonathan Sarton, Nicolas Courilleau, Yannick Remion, Laurent Lucas",,,,,,,,,2019,SciVis,Ballroom B,Thursday,Volume Visualization,24-Oct,10:35 PM,10:50 PM,"Jonathan Sarton, Nicolas Courilleau, Yannick Remion, Laurent Lucas"
TVCG,TVCG,Fourier Opacity Optimization for Scalable Exploration,"Irene Baeza Rojo, Markus Gross, Tobias Günther",,,,,,,,,2019,SciVis,Ballroom B,Thursday,Volume Visualization,24-Oct,10:50 PM,11:05 PM,"Irene Baeza Rojo, Markus Gross, Tobias Günther"
TVCG,TVCG,Ray-based Exploration of Large Time-varying Volume Data Using Proxy Per-ray Distributions,"Ko-Chih Wang, Tzu-Hsuan Wei, Shareef Naeem, Han-Wei Shen",,,,,,,,,2019,SciVis,Ballroom B,Thursday,Volume Visualization,24-Oct,11:05 PM,11:20 PM,"Ko-Chih Wang, Tzu-Hsuan Wei, Shareef Naeem, Han-Wei Shen"
TVCG,TVCG,"A Visual Analytics System for Exploring, Monitoring, and Forecasting Road Traffic Congestion","Chunggi Lee, Yeonjun Kim, Seungmin Jin, Dongmin Kim, Ross Maciejewski, David Ebert, Sungahn Ko",,,,,,,,,2019,VAST,Ballroom C,Thursday,Geovisualization,24-Oct,10:05 PM,10:20 PM,"Chunggi Lee, Yeonjun Kim, Seungmin Jin, Dongmin Kim, Ross Maciejewski, David Ebert, Sungahn Ko"
InfoVis,TVCG,SmartCube: An Adaptive Data Management Architecture for the Real-Time Visualization of Spatiotemporal Datasets,"Can Liu, Cong Wu, Hanning Shao, Xiaoru Yuan",,,,,,,,,2019,InfoVis,Ballroom C,Thursday,Geovisualization,24-Oct,10:20 PM,10:35 PM,"Can Liu, Cong Wu, Hanning Shao, Xiaoru Yuan"
TVCG,TVCG,Real-Time Exploration of Large Spatiotemporal Datasets based on Order Statistics,"Cícero L. Pahins, Nivan Ferreira, João L. Comba",,,,,,,,,2019,SciVis,Ballroom C,Thursday,Geovisualization,24-Oct,10:35 PM,10:50 PM,"Cícero L. Pahins, Nivan Ferreira, João L. Comba"
VAST,TVCG,AirVis: Visual Analytics of Air Pollution Propagation,"Zikun Deng, Di Weng, Jiahui Chen, Ren Liu, Zhibin Wang, Jie Bao, Yu Zheng, Yingcai Wu",,,,,,,,,2019,VAST,Ballroom C,Thursday,Geovisualization,24-Oct,10:50 PM,11:05 PM,"Zikun Deng, Di Weng, Jiahui Chen, Ren Liu, Zhibin Wang, Jie Bao, Yu Zheng, Yingcai Wu"
VAST,TVCG,OD Morphing: balancing simplicity with faithfulness for OD bundling,"Yan Lyu, Xu Liu, Hanyi Chen, Arpan Mangal, Brian Lim, Kai Liu, Chao Chen",,,,,,,,,2019,VAST,Ballroom C,Thursday,Geovisualization,24-Oct,11:05 PM,11:20 PM,"Yan Lyu, Xu Liu, Hanyi Chen, Arpan Mangal, Brian Lim, Kai Liu, Chao Chen"
TVCG,TVCG,Semantics-Space-Time Cube: A Conceptual Framework for Systematic Analysis of Texts in Space and Time,"Jie Li, Siming Chen, Wei Chen, Gennady Andrienko, Natalia Andrienko",,,,,,,,,2019,VAST,Ballroom C,Thursday,Geovisualization,24-Oct,11:20 PM,11:35 PM,"Jie Li, Siming Chen, Wei Chen, Gennady Andrienko, Natalia Andrienko"
?,TVCG,VitalVizor: A Visual Analytics System for Studying Urban Vita,"Wei Zeng, Yu Ye",,,,,,,,,2019,?,Room 2+3,Thursday,CG&A Session 2,24-Oct,10:05 PM,10:20 PM,"Wei Zeng, Yu Ye"
?,TVCG,Designing Effective Visual Interactive Systems despite Sparse Availability of Domain Informa,"Benjamin Karer, Alina Freund, Michael Horst, Inga Scheler, Thomas Kossurok, Franz-Josef Brandt",,,,,,,,,2019,?,Room 2+3,Thursday,CG&A Session 2,24-Oct,10:20 PM,10:35 PM,"Benjamin Karer, Alina Freund, Michael Horst, Inga Scheler, Thomas Kossurok, Franz-Josef Brandt"
?,TVCG,Mapping and Visualizing Deep-Learning Urban Beautifica,"Tobias Kauer, Sagar Joglekar, Miriam Redi, Luca Maria Aiello, Daniele Quercia",,,,,,,,,2019,?,Room 2+3,Thursday,CG&A Session 2,24-Oct,10:35 PM,10:50 PM,"Tobias Kauer, Sagar Joglekar, Miriam Redi, Luca Maria Aiello, Daniele Quercia"
?,TVCG,RNNbow: Visualizing Learning Via Backpropagation Gradients in ,"Dylan Cashman, Geneviève Patterson, Abigail Mosca, Nathan Watts, Shannon Robinson, Remco Chang",,,,,,,,,2019,?,Room 2+3,Thursday,CG&A Session 2,24-Oct,10:50 PM,11:05 PM,"Dylan Cashman, Geneviève Patterson, Abigail Mosca, Nathan Watts, Shannon Robinson, Remco Chang"
?,TVCG,PUMA-V: Optimizing Parallel Code Performance Through Interactive Visualiza,"Eric Papenhausen, M. Harper Langston, Benoit Meister, Richard A. Lethin, Klaus Mueller",,,,,,,,,2019,?,Room 2+3,Thursday,CG&A Session 2,24-Oct,11:05 PM,11:20 PM,"Eric Papenhausen, M. Harper Langston, Benoit Meister, Richard A. Lethin, Klaus Mueller"
?,TVCG,Cross-Platform Ubiquitous Volume Rendering Using Programmable Shaders in VTK for Scientific and Medical Visualiza,"Aashish Chaudhary, Sankhesh J. Jhaveri, Alvaro Sanchez, Lisa S. Avila, Kenneth M. Martin, Allison Vacanti, Marcus D. Hanwell, Will Schroeder",,,,,,,,,2019,?,Room 2+3,Thursday,CG&A Session 2,24-Oct,11:20 PM,11:35 PM,"Aashish Chaudhary, Sankhesh J. Jhaveri, Alvaro Sanchez, Lisa S. Avila, Kenneth M. Martin, Allison Vacanti, Marcus D. Hanwell, Will Schroeder"
InfoVis,TVCG,Uncertainty-Aware Principal Component Analysis,"Jochen Görtler, Thilo Spinner, Dirk Streeb, Daniel Weiskopf, Oliver Deussen",,,,,,,,,2019,InfoVis,Ballroom A,Thursday,Ensembles & Uncertainty,24-Oct,2:02 PM,2:17 PM,"Jochen Görtler, Thilo Spinner, Dirk Streeb, Daniel Weiskopf, Oliver Deussen"
SciVis,TVCG,A Structural Average of Labeled Merge Trees for Uncertainty Visualization,"Lin Yan, Yusu Wang, Elizabeth Munch, Ellen Gasparovic, Bei Wang",,,,,,,,,2019,SciVis,Ballroom A,Thursday,Ensembles & Uncertainty,24-Oct,2:17 PM,2:32 PM,"Lin Yan, Yusu Wang, Elizabeth Munch, Ellen Gasparovic, Bei Wang"
SciVis,TVCG,Multiscale Visual Drilldown for the Analysis of Large Ensembles of Multi-Body Protein Complexes,"Katarina Furmanova, Adam Jurčík, Barbora Kozlikova, Helwig Hauser, Jan Byška",,,,,,,,,2019,SciVis,Ballroom A,Thursday,Ensembles & Uncertainty,24-Oct,2:32 PM,2:47 PM,"Katarina Furmanova, Adam Jurčík, Barbora Kozlikova, Helwig Hauser, Jan Byška"
TVCG,TVCG,eFESTA: Ensemble Feature Exploration with Surface Density Estimates,"Wenbin He, Hanqi Guo, Han-Wei Shen, Tom Peterka",,,,,,,,,2019,SciVis,Ballroom A,Thursday,Ensembles & Uncertainty,24-Oct,2:47 PM,3:02 PM,"Wenbin He, Hanqi Guo, Han-Wei Shen, Tom Peterka"
TVCG,TVCG,Visualization and Visual Analysis of Ensemble Data: A Survey,"Junpeng Wang, Subhashis Hazarika, Cheng Li, Han-Wei Shen",,,,,,,,,2019,SciVis,Ballroom A,Thursday,Ensembles & Uncertainty,24-Oct,3:02 PM,3:17 PM,"Junpeng Wang, Subhashis Hazarika, Cheng Li, Han-Wei Shen"
TVCG,TVCG,Exploring the Sensitivity of Choropleths under Attribute Uncertainty,"Zhaosong Huang, Yafeng Lu, Elizabeth A. Mack, Wei Chen, Ross Maciejewski",,,,,,,,,2019,VAST,Ballroom A,Thursday,Ensembles & Uncertainty,24-Oct,3:17 PM,3:32 PM,"Zhaosong Huang, Yafeng Lu, Elizabeth A. Mack, Wei Chen, Ross Maciejewski"
InfoVis,TVCG,Illusion of Causality in Visualized Data,"Cindy Xiong, Joel Shapiro, Jessica Hullman, Steven Franconeri",,,,,,,,,2019,InfoVis,Ballroom B,Thursday,Interactive Machine Learning,24-Oct,2:02 PM,2:17 PM,"Cindy Xiong, Joel Shapiro, Jessica Hullman, Steven Franconeri"
VAST,TVCG,"Ablate, Variate, and Contemplate: Visual Analytics for Discovering Neural Architectures","Dylan Cashman, Adam Perer, Remco Chang, Hendrik Strobelt",,,,,,,,,2019,VAST,Ballroom B,Thursday,Interactive Machine Learning,24-Oct,2:17 PM,2:32 PM,"Dylan Cashman, Adam Perer, Remco Chang, Hendrik Strobelt"
VAST,TVCG,VASSL: A Visual Analytics Toolkit for Social Spambot Labeling,"Mosab Khayat, Morteza Karimzadeh, Jieqiong Zhao, David Ebert",,,,,,,,,2019,VAST,Ballroom B,Thursday,Interactive Machine Learning,24-Oct,2:32 PM,2:47 PM,"Mosab Khayat, Morteza Karimzadeh, Jieqiong Zhao, David Ebert"
VAST,TVCG,Visual Interaction with Deep Learning Models through Collaborative Semantic Inference,"Sebastian Gehrmann, Hendrik Strobelt, Robert Krüger, Kathryn Hite, Hanspeter Pfister, Alexander M. Rush",,,,,,,,,2019,VAST,Ballroom B,Thursday,Interactive Machine Learning,24-Oct,2:47 PM,3:02 PM,"Sebastian Gehrmann, Hendrik Strobelt, Robert Krüger, Kathryn Hite, Hanspeter Pfister, Alexander M. Rush"
VAST,VAST,ICE: An Interactive Configuration Explorer for High Dimensional Parameter Spaces,"Anjul Tyagi, Klaus Mueller, Zhen Cao, Tyler Estro, Erez Zadok",,,,,,,,,2019,VAST,Ballroom B,Thursday,Interactive Machine Learning,24-Oct,3:02 PM,3:17 PM,"Anjul Tyagi, Klaus Mueller, Zhen Cao, Tyler Estro, Erez Zadok"
VAST,VAST,Interactive Correction of Mislabeled Training Data,"Xi Ye, Shouxing Xiang, Jiazhi Xia, Jing Wu, Yang Chen, Shixia Lu",,,,,,,,,2019,VAST,Ballroom B,Thursday,Interactive Machine Learning,24-Oct,3:17 PM,3:32 PM,"Xi Ye, Shouxing Xiang, Jiazhi Xia, Jing Wu, Yang Chen, Shixia Lu"
InfoVis,TVCG,DataShot: Automatic Generation of Fact Sheet from Tabular Data,"Yun Wang, Zhida Sun, Haidong Zhang, Weiwei Cui, Ke Xu, Xiaojuan Ma, Dongmei Zhang",,,,,,,,,2019,InfoVis,Ballroom C,Thursday,Infographics & Storytelling,24-Oct,2:02 PM,2:17 PM,"Yun Wang, Zhida Sun, Haidong Zhang, Weiwei Cui, Ke Xu, Xiaojuan Ma, Dongmei Zhang"
InfoVis,TVCG,Text-to-Viz: Automatic Generation of Infographics from Natural Language Statements,"Weiwei Cui, Xiaoyu Zhang, Yun Wang, He Huang, Bei Chen, Lei Fang, Haidong Zhang, Jian-Guang Lou, Dongmei Zhang",,,,,,,,,2019,InfoVis,Ballroom C,Thursday,Infographics & Storytelling,24-Oct,2:17 PM,2:32 PM,"Weiwei Cui, Xiaoyu Zhang, Yun Wang, He Huang, Bei Chen, Lei Fang, Haidong Zhang, Jian-Guang Lou, Dongmei Zhang"
InfoVis,TVCG,Towards Automated Infographic Design: Deep Learning-based Auto-Generation of Extensible Timeline,"Zhutian Chen, Yun Wang, Qianwen Wang, Yong Wang, Huamin Qu",,,,,,,,,2019,InfoVis,Ballroom C,Thursday,Infographics & Storytelling,24-Oct,2:32 PM,2:47 PM,"Zhutian Chen, Yun Wang, Qianwen Wang, Yong Wang, Huamin Qu"
VAST,TVCG,EmoCo: Visual Analysis of Emotion Coherence in Presentation Videos,"Haipeng Zeng, Xingbo Wang, Aoyu Wu, Yong Wang, Quan Li, Alex Endert, Huamin Qu",,,,,,,,,2019,VAST,Ballroom C,Thursday,Infographics & Storytelling,24-Oct,2:47 PM,3:02 PM,"Haipeng Zeng, Xingbo Wang, Aoyu Wu, Yong Wang, Quan Li, Alex Endert, Huamin Qu"
TVCG,TVCG,Multimodal Analysis of Video Collections: Visual Exploration of Presentation Techniques in TED Talks,"Aoyu Wu, Huamin Qu",,,,,,,,,2019,VAST,Ballroom C,Thursday,Infographics & Storytelling,24-Oct,3:02 PM,3:17 PM,"Aoyu Wu, Huamin Qu"
TVCG,TVCG,Supporting Story Synthesis: Bridging the Gap between Visual Analytics and Storytelling,"Siming Chen, Jie Li, Gennady Andrienko, Natalia Andrienko, Yun Wang, Phong H. Nguyen, Cagatay Turkay",,,,,,,,,2019,VAST,Ballroom C,Thursday,Infographics & Storytelling,24-Oct,3:17 PM,3:32 PM,"Siming Chen, Jie Li, Gennady Andrienko, Natalia Andrienko, Yun Wang, Phong H. Nguyen, Cagatay Turkay"
?,?,scenery: Flexible Virtual Reality Visualization on the Java VM,"Ulrik Günther, Tobias Pietzsch, Aryaman Gupta, Kyle I.S. Harrington, Pavel Tomancak, Stefan Gumhold, Ivo F. Sbalzarini",,,,,,,,,2019,?,Room 1,Thursday,"Short Papers: Biology, Chemistry, and Medicine",24-Oct,2:02 PM,2:13 PM,"Ulrik Günther, Tobias Pietzsch, Aryaman Gupta, Kyle I.S. Harrington, Pavel Tomancak, Stefan Gumhold, Ivo F. Sbalzarini"
?,?,Interactive Dendritic Spine Analysis Based on 3D Morphological Features,"JunYoung Choi, Sang-Eun Lee, Eunji Cho, Yutaro Kashiwagi, Shigeo Okabe, Sunghoe Chang, Won-Ki Jeong",,,,,,,,,2019,?,Room 1,Thursday,"Short Papers: Biology, Chemistry, and Medicine",24-Oct,2:13 PM,2:24 PM,"JunYoung Choi, Sang-Eun Lee, Eunji Cho, Yutaro Kashiwagi, Shigeo Okabe, Sunghoe Chang, Won-Ki Jeong"
?,?,High Fidelity Visualization of Large Scale Digitally Reconstructed Brain Circuitry with Signed Distance Functions,"Jonas Karlsson, Marwan Abdellah, Sebastien Speierer, Alessandro Enrico Foni, Samuel Lapere, Felix Schurmann",,,,,,,,,2019,?,Room 1,Thursday,"Short Papers: Biology, Chemistry, and Medicine",24-Oct,2:24 PM,2:35 PM,"Jonas Karlsson, Marwan Abdellah, Sebastien Speierer, Alessandro Enrico Foni, Samuel Lapere, Felix Schurmann"
?,?,Visual Inspection of DBS Efficacy,"Brad Eric Hollister, Chris Butson, Gordon Duffley, Chris R. Johnson, Paul Rosen",,,,,,,,,2019,?,Room 1,Thursday,"Short Papers: Biology, Chemistry, and Medicine",24-Oct,2:35 PM,2:46 PM,"Brad Eric Hollister, Chris Butson, Gordon Duffley, Chris R. Johnson, Paul Rosen"
?,?,TempoCave: Visualizing Dynamic Connectome Datasets to Support Cognitive Behavioral Therapy,"Ran Xu, Manu Mathew Thomas, Alex Leow, Olusola A. Ajilore, Angus G. Forbes",,,,,,,,,2019,?,Room 1,Thursday,"Short Papers: Biology, Chemistry, and Medicine",24-Oct,2:46 PM,2:57 PM,"Ran Xu, Manu Mathew Thomas, Alex Leow, Olusola A. Ajilore, Angus G. Forbes"
?,?,RuleVis: Constructing Patterns and Rules for Rule-based Models,"David Abramov, Jasmine Tan Otto, Mahika Dubey, Cassia Artanegara, Pierre Boutillier, Walter Fontana, Angus G. Forbes",,,,,,,,,2019,?,Room 1,Thursday,"Short Papers: Biology, Chemistry, and Medicine",24-Oct,2:57 PM,3:08 PM,"David Abramov, Jasmine Tan Otto, Mahika Dubey, Cassia Artanegara, Pierre Boutillier, Walter Fontana, Angus G. Forbes"
?,?,ElectroLens: Understanding atomistic simulations through spatially-resolved visualization of high-dimensional features,"Xiangyun Lei, Fred Hohman, Duen Horng Chau, Andrew J Medford",,,,,,,,,2019,?,Room 1,Thursday,"Short Papers: Biology, Chemistry, and Medicine",24-Oct,3:08 PM,3:19 PM,"Xiangyun Lei, Fred Hohman, Duen Horng Chau, Andrew J Medford"
?,?,Analyzing Time Attributes in Event Sequences,"Jessica Magallanes, Lindsey van Gemeren, Steven Wood, Maria-Cruz Villa-Uriol",,,,,,,,,2019,?,Room 1,Thursday,"Short Papers: Biology, Chemistry, and Medicine",24-Oct,3:19 PM,3:30 PM,"Jessica Magallanes, Lindsey van Gemeren, Steven Wood, Maria-Cruz Villa-Uriol"
?,?,Evaluating Alignment Approaches in Superimposed Time-series and Temporal Event-sequence Visualizations,"Yixuan Zhang, Sara Di Bartolomeo, Fangfang Sheng, Holly Jimison, Cody Dunne",,,,,,,,,2019,?,Room 1,Thursday,"Short Papers: Biology, Chemistry, and Medicine",24-Oct,3:30 PM,3:41 PM,"Yixuan Zhang, Sara Di Bartolomeo, Fangfang Sheng, Holly Jimison, Cody Dunne"
InfoVis,TVCG,CerebroVis: Designing an Abstract yet Spatially Contextualized Cerebral Arteries Network Visualization,"Aditeya Pandey, Harsh Shukla, Geoffrey S. Young, Lei Qin, Amir A. Zamani, Liangge Hsu, Raymond Huang, Cody Dunne, Michelle A. Borkin",,,,,,,,,2019,InfoVis,Ballroom A,Thursday,Visualization in Medicine,24-Oct,4:01 PM,4:16 PM,"Aditeya Pandey, Harsh Shukla, Geoffrey S. Young, Lei Qin, Amir A. Zamani, Liangge Hsu, Raymond Huang, Cody Dunne, Michelle A. Borkin"
SciVis,TVCG,Cohort-based T-SSIM Visual Computing for Radiation Therapy Prediction and Exploration,"Andrew Wentzel, Peter Haula, Timothy Basil Luciani, Baher Elgohari, Hesham Elhalawani, Guadalupe Canahuate, David M. Vock, Clifton David Fuller, G. Elisabeta Marai",,,,,,,,,2019,SciVis,Ballroom A,Thursday,Visualization in Medicine,24-Oct,4:16 PM,4:31 PM,"Andrew Wentzel, Peter Haula, Timothy Basil Luciani, Baher Elgohari, Hesham Elhalawani, Guadalupe Canahuate, David M. Vock, Clifton David Fuller, G. Elisabeta Marai"
SciVis,TVCG,DeepOrganNet: On-the-Fly Reconstruction and Visualization of 3D / 4D Lung Models from Single-View Projections by Deep Deformation Network,"Yifan Wang, Zichun Zhong, Jing Hua",,,,,,,,,2019,SciVis,Ballroom A,Thursday,Visualization in Medicine,24-Oct,4:31 PM,4:46 PM,"Yifan Wang, Zichun Zhong, Jing Hua"
SciVis,TVCG,Temporal Views of Flattened Mitral Valve Geometries,"Pepe Eulzer, Sandy Engelhardt, Nils Lichtenberg, Raffaele de Simone, Kai Lawonn",,,,,,,,,2019,SciVis,Ballroom A,Thursday,Visualization in Medicine,24-Oct,4:46 PM,5:01 PM,"Pepe Eulzer, Sandy Engelhardt, Nils Lichtenberg, Raffaele de Simone, Kai Lawonn"
VAST,TVCG,Motion Browser: Visualizing and Understanding Complex Upper Limb Movement Under Obstetrical Brachial Plexus Injuries,"Gromit Yeuk-Yin Chan, Luis Gustavo Nonato, Alice Chu, Preeti Raghavan, Viswanath Aluru, Claudio T. Silva",,,,,,,,,2019,VAST,Ballroom A,Thursday,Visualization in Medicine,24-Oct,5:01 PM,5:16 PM,"Gromit Yeuk-Yin Chan, Luis Gustavo Nonato, Alice Chu, Preeti Raghavan, Viswanath Aluru, Claudio T. Silva"
TVCG,TVCG,LDA Ensembles for Interactive Exploration and Categorization of Behaviors,"Siming Chen, Natalia Andrienko, Gennady Andrienko, Linara Adilova, Jeremie Barlet, Joerg Kindermann, Phong H. Nguyen, Olivier Thonnard, Cagatay Turkay",,,,,,,,,2019,VAST,Ballroom B,Thursday,Words & Documents,24-Oct,4:01 PM,4:16 PM,"Siming Chen, Natalia Andrienko, Gennady Andrienko, Linara Adilova, Jeremie Barlet, Joerg Kindermann, Phong H. Nguyen, Olivier Thonnard, Cagatay Turkay"
InfoVis,TVCG,ShapeWordle: Tailoring Wordles using Shape-aware Archimedean Spirals,"Yunhai Wang, Xiaowei Chu, Kaiyi Zhang, Chen Bao, Xiaotong Li, Jian Zhang, Chi-Wing Fu, Christophe Hurter, Oliver Deussen, Bongshin Lee",,,,,,,,,2019,InfoVis,Ballroom B,Thursday,Words & Documents,24-Oct,4:16 PM,4:31 PM,"Yunhai Wang, Xiaowei Chu, Kaiyi Zhang, Chen Bao, Xiaotong Li, Jian Zhang, Chi-Wing Fu, Christophe Hurter, Oliver Deussen, Bongshin Lee"
VAST,TVCG,Semantic Concept Spaces: Guided Topic Model Refinement using Word-Embedding Projections,"Mennatallah El-Assady, Rebecca Kehlbeck, Christopher Collins, Daniel Keim, Oliver Deussen",,,,,,,,,2019,VAST,Ballroom B,Thursday,Words & Documents,24-Oct,4:31 PM,4:46 PM,"Mennatallah El-Assady, Rebecca Kehlbeck, Christopher Collins, Daniel Keim, Oliver Deussen"
VAST,VAST,VIANA: Visual Interactive Annotation of Argumentation,"Fabian Sperrle, Rita Sevastjanova, Rebecca Kehlbeck, Mennatallah El-Assady",,,,,,,,,2019,VAST,Ballroom B,Thursday,Words & Documents,24-Oct,4:46 PM,5:01 PM,"Fabian Sperrle, Rita Sevastjanova, Rebecca Kehlbeck, Mennatallah El-Assady"
TVCG,TVCG,Topic-based Exploration and Embedded Visualizations for Research Idea Generation,"Hua Guo, David H. Laidlaw",,,,,,,,,2019,VAST,Ballroom B,Thursday,Words & Documents,24-Oct,5:01 PM,5:16 PM,"Hua Guo, David H. Laidlaw"
TVCG,TVCG,An Evaluation of Semantically Grouped Word Cloud Designs,"Marti A. Hearst, Emily Pedersen, Lekha Patil, Elsie Lee, Paul Laskowski, Steven Franconeri",,,,,,,,,2019,InfoVis,Ballroom B,Thursday,Words & Documents,24-Oct,5:16 PM,5:31 PM,"Marti A. Hearst, Emily Pedersen, Lekha Patil, Elsie Lee, Paul Laskowski, Steven Franconeri"
InfoVis,TVCG,The Perceptual Proxies of Visual Comparison,"Nicole Jardine, Brian David Ondov, Niklas Elmqvist, Steven Franconeri",,,,,,,,,2019,InfoVis,Ballroom C,Thursday,What's the Difference?,24-Oct,4:01 PM,4:16 PM,"Nicole Jardine, Brian David Ondov, Niklas Elmqvist, Steven Franconeri"
InfoVis,TVCG,BarcodeTree: Scalable Comparison of Multiple Hierarchies,"Guozheng Li, Yu Zhang, Yu Dong, Jie Liang, Jinson Zhang, Jinsong Wang, Michael McGuffin, Xiaoru Yuan",,,,,,,,,2019,InfoVis,Ballroom C,Thursday,What's the Difference?,24-Oct,4:16 PM,4:31 PM,"Guozheng Li, Yu Zhang, Yu Dong, Jie Liang, Jinson Zhang, Jinsong Wang, Michael McGuffin, Xiaoru Yuan"
InfoVis,TVCG,Comparison of Radial and Linear charts for Visualizing Daily Patterns,"Manuela Waldner, Alexandra Diehl, Denis Gracanin, Rainer Splechtna, Claudio Delrieux, Kresimir Matkovic",,,,,,,,,2019,InfoVis,Ballroom C,Thursday,What's the Difference?,24-Oct,4:31 PM,4:46 PM,"Manuela Waldner, Alexandra Diehl, Denis Gracanin, Rainer Splechtna, Claudio Delrieux, Kresimir Matkovic"
InfoVis,TVCG,Separating the wheat from the chaff: Comparative visual cues for reliable diagnostics of competing models,"Aritra Dasgupta, Hong Wang, Nancy D O'Brien, Susannah Marie Burrows",,,,,,,,,2019,InfoVis,Ballroom C,Thursday,What's the Difference?,24-Oct,4:46 PM,5:01 PM,"Aritra Dasgupta, Hong Wang, Nancy D O'Brien, Susannah Marie Burrows"
TVCG,TVCG,Aggregated Dendrograms for Visual Comparison Between Many Phylogenetic Trees,"Zipeng Liu, Shing Hei Zhan, Tamara Munzner",,,,,,,,,2019,InfoVis,Ballroom C,Thursday,What's the Difference?,24-Oct,5:01 PM,5:16 PM,"Zipeng Liu, Shing Hei Zhan, Tamara Munzner"
VAST,TVCG,STBins: Visual Tracking and Comparison of Multiple Data Sequences using Temporal Binning,"Ji Qi, Vincent Bloemen, Shihan Wang, Jarke van Wijk, Huub van de Wetering",,,,,,,,,2019,VAST,Ballroom C,Thursday,What's the Difference?,24-Oct,5:16 PM,5:31 PM,"Ji Qi, Vincent Bloemen, Shihan Wang, Jarke van Wijk, Huub van de Wetering"
?,?,Interpreting Distortions in Dimensionality Reduction by Superimposing Neighbourhood Graphs,"Benoît Colange, Laurent Vuillon, Sylvain Lespinats, Denys Dutykh",,,,,,,,,2019,?,Room 1,Thursday,"Short Papers: Multi-Dimensional Data, Time Series, Graphs, and Trees",24-Oct,4:01 PM,4:12 PM,"Benoît Colange, Laurent Vuillon, Sylvain Lespinats, Denys Dutykh"
?,?,Hi-D Maps: An Interactive Visualization Technique for Multi-dimensional Categorical Data.,"Radi Muhammad Reza, Benjamin Watson",,,,,,,,,2019,?,Room 1,Thursday,"Short Papers: Multi-Dimensional Data, Time Series, Graphs, and Trees",24-Oct,4:12 PM,4:23 PM,"Radi Muhammad Reza, Benjamin Watson"
?,?,Conditional Parallel Coordinates,Daniel Weidele,,,,,,,,,2019,?,Room 1,Thursday,"Short Papers: Multi-Dimensional Data, Time Series, Graphs, and Trees",24-Oct,4:23 PM,4:34 PM,Daniel Weidele
?,?,Towards Enhancing RadViz Analysis and Interpretation,"Marco Angelini, Graziano Blasilli, Simone Lenti, Alessia Palleschi, Giuseppe Santucci",,,,,,,,,2019,?,Room 1,Thursday,"Short Papers: Multi-Dimensional Data, Time Series, Graphs, and Trees",24-Oct,4:34 PM,4:45 PM,"Marco Angelini, Graziano Blasilli, Simone Lenti, Alessia Palleschi, Giuseppe Santucci"
?,?,Time Varying Predominance Tag Maps,"Martin Reckziegel, Stefan Jänicke",,,,,,,,,2019,?,Room 1,Thursday,"Short Papers: Multi-Dimensional Data, Time Series, Graphs, and Trees",24-Oct,4:45 PM,4:56 PM,"Martin Reckziegel, Stefan Jänicke"
?,?,SAX Navigator: Time Series Exploration Through Hierarchical Clustering,"Nicholas Ruta, Naoko Sawada, Katy McKeough, Michael Behrisch, Johanna Beyer",,,,,,,,,2019,?,Room 1,Thursday,"Short Papers: Multi-Dimensional Data, Time Series, Graphs, and Trees",24-Oct,4:56 PM,5:07 PM,"Nicholas Ruta, Naoko Sawada, Katy McKeough, Michael Behrisch, Johanna Beyer"
?,?,Nonuniform Timeslicing of Dynamic Graphs Based on Visual Complexity,"Yong Wang, Daniel Archambault, Hammad Haleem, Torsten Moeller, Yanhong Wu, Huamin Qu",,,,,,,,,2019,?,Room 1,Thursday,"Short Papers: Multi-Dimensional Data, Time Series, Graphs, and Trees",24-Oct,5:07 PM,5:18 PM,"Yong Wang, Daniel Archambault, Hammad Haleem, Torsten Moeller, Yanhong Wu, Huamin Qu"
?,?,Interactive Bicluster Aggregation in Bipartite Graphs,"Maoyuan Sun, David Koop, Jian Zhao, Chris North, Naren Ramakrishnan",,,,,,,,,2019,?,Room 1,Thursday,"Short Papers: Multi-Dimensional Data, Time Series, Graphs, and Trees",24-Oct,5:18 PM,5:29 PM,"Maoyuan Sun, David Koop, Jian Zhao, Chris North, Naren Ramakrishnan"
?,?,Overlap-Free Drawing of Generalized Pythagoras Trees for Hierarchy Visualization,"Tanja Munz, Michael Burch, Toon van Benthem, Yoeri Poels, Fabian Beck, Daniel Weiskopf",,,,,,,,,2019,?,Room 1,Thursday,"Short Papers: Multi-Dimensional Data, Time Series, Graphs, and Trees",24-Oct,5:29 PM,5:40 PM,"Tanja Munz, Michael Burch, Toon van Benthem, Yoeri Poels, Fabian Beck, Daniel Weiskopf"
TVCG,TVCG,Eiffel: Evolutionary Flow Map for Influence Graph Visualization,"Yucheng Huang, Lei Shi, Yue Su, Yifan Hu, Hanghang Tong, Chaoli Wang, Tong Yang, Deyun Wang, Shuo Liang",,,,,,,,,2019,InfoVis,Ballroom A,Friday,Influencers,25-Oct,9:00 AM,9:15 AM,"Yucheng Huang, Lei Shi, Yue Su, Yifan Hu, Hanghang Tong, Chaoli Wang, Tong Yang, Deyun Wang, Shuo Liang"
VAST,TVCG,Galex: Exploring the Evolution and Intersection of Disciplines,"Zeyu Li, Changhong Zhang, Shichao Jia, Jiawan Zhang",,,,,,,,,2019,VAST,Ballroom A,Friday,Influencers,25-Oct,9:15 AM,9:30 AM,"Zeyu Li, Changhong Zhang, Shichao Jia, Jiawan Zhang"
VAST,TVCG,"MetricsVis: A Visual Analytics Framework for Evaluating Individual, Team, and Organization Performance","Jieqiong Zhao, Morteza Karimzadeh, Luke Snyder, Cittayong Surakitbanharn, Zhenyu Cheryl Qian, David Ebert",,,,,,,,,2019,VAST,Ballroom A,Friday,Influencers,25-Oct,9:30 AM,9:45 AM,"Jieqiong Zhao, Morteza Karimzadeh, Luke Snyder, Cittayong Surakitbanharn, Zhenyu Cheryl Qian, David Ebert"
VAST,VAST,Influence Flowers of Academic Entities,"Minjeong Shin, Alexander Soen, Benjamin T. Readshaw, Stephen Michael Blackburn, Mitchell Whitelaw, Lexing Xie",,,,,,,,,2019,VAST,Ballroom A,Friday,Influencers,25-Oct,9:45 AM,10:00 AM,"Minjeong Shin, Alexander Soen, Benjamin T. Readshaw, Stephen Michael Blackburn, Mitchell Whitelaw, Lexing Xie"
TVCG,TVCG,WeSeer: Visual Analysis for Better Information Cascade Prediction of WeChat Articles,"Quan Li, Ziming Wu, Lingling Yi, Kristanto Sean N, Huamin Qu, Xiaojuan Ma",,,,,,,,,2019,VAST,Ballroom A,Friday,Influencers,25-Oct,10:00 AM,10:15 AM,"Quan Li, Ziming Wu, Lingling Yi, Kristanto Sean N, Huamin Qu, Xiaojuan Ma"
VAST,TVCG,R-Map: A Map Metaphor for Visualizing Information Reposting Process in Social Media,"Shuai Chen, Sihang Li, Siming Chen, Xiaoru Yuan",,,,,,,,,2019,VAST,Ballroom A,Friday,Influencers,25-Oct,10:15 AM,10:30 AM,"Shuai Chen, Sihang Li, Siming Chen, Xiaoru Yuan"
InfoVis,TVCG,Color Crafting: Automating the Construction of Designer Quality Color Ramps,"Stephen Smart, Keke Wu, Danielle Albers Szafir",,,,,,,,,2019,InfoVis,Ballroom B,Friday,Color,25-Oct,9:00 AM,9:15 AM,"Stephen Smart, Keke Wu, Danielle Albers Szafir"
InfoVis,TVCG,Estimating color-concept associations from image statistics,"Ragini Rathore, Zachary Leggon, Laurent Lessard, Karen Schloss",,,,,,,,,2019,InfoVis,Ballroom B,Friday,Color,25-Oct,9:15 AM,9:30 AM,"Ragini Rathore, Zachary Leggon, Laurent Lessard, Karen Schloss"
TVCG,TVCG,The Effect of Color Scales on Climate Scientists’ Objective and Subjective Performance in Spatial Data Analysis Tasks,"Aritra Dasgupta, Jorge Poco, Bernice Rogowitz, Kyungsik Han, Enrico Bertini, Claudio T. Silva",,,,,,,,,2019,InfoVis,Ballroom B,Friday,Color,25-Oct,9:30 AM,9:45 AM,"Aritra Dasgupta, Jorge Poco, Bernice Rogowitz, Kyungsik Han, Enrico Bertini, Claudio T. Silva"
TVCG,TVCG,Measuring and Modeling the Feature Detection Threshold Functions of Colormaps,"Colin Ware, Terece L. Turton, Roxana Bujack, Francesca Samsel, Piyush Shrivastava, David H. Rogers",,,,,,,,,2019,SciVis,Ballroom B,Friday,Color,25-Oct,9:45 AM,10:00 AM,"Colin Ware, Terece L. Turton, Roxana Bujack, Francesca Samsel, Piyush Shrivastava, David H. Rogers"
TVCG,TVCG,Measuring the Effects of Scalar and Spherical Colormaps on Ensembles of DMRI Tubes,"Jian Chen, Guohao Zhang, Wesley Chiou, David H. Laidlaw, Alexander P. Auchus",,,,,,,,,2019,SciVis,Ballroom B,Friday,Color,25-Oct,10:00 AM,10:15 AM,"Jian Chen, Guohao Zhang, Wesley Chiou, David H. Laidlaw, Alexander P. Auchus"
InfoVis,TVCG,Searching the Visual Style and Structure of D3 Visualizations,"Enamul Hoque, Maneesh Agrawala",,,,,,,,,2019,InfoVis,Ballroom C,Friday,Searching & Querying,25-Oct,9:00 AM,9:15 AM,"Enamul Hoque, Maneesh Agrawala"
InfoVis,TVCG,The Role of Latency in Predicting Visual Search Behavior,"Leilani Battle, R. Jordan Crouser, Audace Nakeshimana, Ananda Montoly, Remco Chang, Michael Stonebraker",,,,,,,,,2019,InfoVis,Ballroom C,Friday,Searching & Querying,25-Oct,9:15 AM,9:30 AM,"Leilani Battle, R. Jordan Crouser, Audace Nakeshimana, Ananda Montoly, Remco Chang, Michael Stonebraker"
VAST,TVCG,A Natural-language-based Visual Query Approach of Uncertain Human Trajectories,"Zhaosong Huang, Ye Zhao, Wei Chen, Shengjie Gao, Kejie Yu, Weixia Xu, Mingjie Tang, Minfeng Zhu, Mingliang Xu",,,,,,,,,2019,VAST,Ballroom C,Friday,Searching & Querying,25-Oct,9:30 AM,9:45 AM,"Zhaosong Huang, Ye Zhao, Wei Chen, Shengjie Gao, Kejie Yu, Weixia Xu, Mingjie Tang, Minfeng Zhu, Mingliang Xu"
VAST,TVCG,You can’t always sketch what you want: Understanding Sensemaking in Visual Query Systems,"Doris Jung-Lin Lee, John Lee, Tarique Siddiqui, Jaewoo Kim, Aditya Parameswaran, Karrie Karahalios",,,,,,,,,2019,VAST,Ballroom C,Friday,Searching & Querying,25-Oct,9:45 AM,10:00 AM,"Doris Jung-Lin Lee, John Lee, Tarique Siddiqui, Jaewoo Kim, Aditya Parameswaran, Karrie Karahalios"
VAST,VAST,"Do What I Mean, Not What I Say! Design Considerations for Supporting Intent and Context in Analytical Conversation","Melanie Tory, Vidya Setlur",,,,,,,,,2019,VAST,Ballroom C,Friday,Searching & Querying,25-Oct,10:00 AM,10:15 AM,"Melanie Tory, Vidya Setlur"
VAST,VAST,TopicSifter: Interactive Search Space Reduction Through Targeted Topic Modeling,"Hannah Kim, Dongjin Choi, Barry Drake, Alex Endert, Haesun Park",,,,,,,,,2019,VAST,Ballroom C,Friday,Searching & Querying,25-Oct,10:15 AM,10:30 AM,"Hannah Kim, Dongjin Choi, Barry Drake, Alex Endert, Haesun Park"
?,?,Efficient Space Skipping and Adaptive Sampling of Unstructured Volumes using Hardware Accelerated Ray Tracing,"Nate Morrical, Will Usher, Ingo Wald, Valerio Pascucci",,,,,,,,,2019,?,Room 1,Friday,"Short Papers: Scalar, Vector, and Tensor Fields",25-Oct,9:00 AM,9:11 AM,"Nate Morrical, Will Usher, Ingo Wald, Valerio Pascucci"
?,?,Hybrid Grids for Sparse Volume Rendering,"Stefan Zellmann, Deborah Meurer, Ulrich Lang",,,,,,,,,2019,?,Room 1,Friday,"Short Papers: Scalar, Vector, and Tensor Fields",25-Oct,9:11 AM,9:22 AM,"Stefan Zellmann, Deborah Meurer, Ulrich Lang"
?,?,Data-Driven Colormap Optimization for 2D Scalar Field Visualization,"Qiong Zeng, Yinqiao Wang, Ivan Viola, Wenting Zhang, Jian Zhang, Changhe Tu, Yunhai Wang",,,,,,,,,2019,?,Room 1,Friday,"Short Papers: Scalar, Vector, and Tensor Fields",25-Oct,9:22 AM,9:33 AM,"Qiong Zeng, Yinqiao Wang, Ivan Viola, Wenting Zhang, Jian Zhang, Changhe Tu, Yunhai Wang"
?,?,Evaluating Gradient Perception in Color-coded Scalar Fields,"Khairi Reda, Michael E. Papka",,,,,,,,,2019,?,Room 1,Friday,"Short Papers: Scalar, Vector, and Tensor Fields",25-Oct,9:33 AM,9:44 AM,"Khairi Reda, Michael E. Papka"
?,?,GalStamps: Analyzing Real and Simulated Galaxy Observations,"Nina McCurdy, Miriah Meyer",,,,,,,,,2019,?,Room 1,Friday,"Short Papers: Scalar, Vector, and Tensor Fields",25-Oct,9:44 AM,9:55 AM,"Nina McCurdy, Miriah Meyer"
?,?,Point Movement in a DSL for Higher-Order FEM Visualization,"Teodoro Collin, Charisee Chiw, L. Ridgway Scott, John Reppy, Gordon L Kindlmann",,,,,,,,,2019,?,Room 1,Friday,"Short Papers: Scalar, Vector, and Tensor Fields",25-Oct,9:55 AM,10:06 AM,"Teodoro Collin, Charisee Chiw, L. Ridgway Scott, John Reppy, Gordon L Kindlmann"
?,?,Unsteady Flow Visualization via Physics based Pathline Exploration,"Duong Nguyen, Lei Zhang, Robert S. Laramee, David Thompson, Rodolfo Ostilla Monico, Guoning Chen",,,,,,,,,2019,?,Room 1,Friday,"Short Papers: Scalar, Vector, and Tensor Fields",25-Oct,10:06 AM,10:17 AM,"Duong Nguyen, Lei Zhang, Robert S. Laramee, David Thompson, Rodolfo Ostilla Monico, Guoning Chen"
?,?,Visualization of Symmetries in Fourth-Order Stiffness Tensors,"Chiara Hergl, Thomas Nagel, Olaf Kolditz, Gerik Scheuermann",,,,,,,,,2019,?,Room 1,Friday,"Short Papers: Scalar, Vector, and Tensor Fields",25-Oct,10:17 AM,10:28 AM,"Chiara Hergl, Thomas Nagel, Olaf Kolditz, Gerik Scheuermann"
